algorithm,episode,mean_return,std_return,num_seeds
maddpg,1,-30.88318090438843,8.789607782041235,10
maddpg,2,-26.835856628417968,7.1416960359304635,10
maddpg,3,-29.087448120117188,6.131217121776412,10
maddpg,4,-29.583588981628417,6.9897584238500245,10
maddpg,5,-25.23528137207031,6.781646092063818,10
maddpg,6,-29.941066932678222,5.429616572543791,10
maddpg,7,-28.415018177032472,8.68834161931387,10
maddpg,8,-25.92396116256714,9.699525993751031,10
maddpg,9,-24.10266752243042,6.399356432240657,10
maddpg,10,-30.155650520324706,8.075022944816821,10
maddpg,11,-21.360968780517577,2.9191358905839864,10
maddpg,12,-24.01076707839966,6.934870427192424,10
maddpg,13,-29.643003463745117,7.2661792241174785,10
maddpg,14,-29.018276023864747,7.23112732514653,10
maddpg,15,-24.217434024810792,8.298208077748583,10
maddpg,16,-25.842240428924562,8.730832068917222,10
maddpg,17,-27.970013999938963,8.946795418654219,10
maddpg,18,-27.496098136901857,8.53239981865958,10
maddpg,19,-27.26476421356201,7.582522992689344,10
maddpg,20,-23.186660766601562,5.529016065833251,10
maddpg,21,-25.977027702331544,4.4311044434582625,10
maddpg,22,-29.27769184112549,9.22416549158265,10
maddpg,23,-37.38748035430908,12.129915509155664,10
maddpg,24,-43.690063667297366,13.602294873280648,10
maddpg,25,-47.61111602783203,13.399393734114982,10
maddpg,26,-55.34549903869629,19.173263641979062,10
maddpg,27,-44.15333919525146,15.529891174554642,10
maddpg,28,-47.95491275787354,19.8440180414475,10
maddpg,29,-51.97923622131348,12.314752340153895,10
maddpg,30,-54.33381366729736,14.555153268360103,10
maddpg,31,-50.150253486633304,20.11058182779899,10
maddpg,32,-53.329107666015624,15.555922788414247,10
maddpg,33,-49.60588397979736,19.0219001187435,10
maddpg,34,-55.09448585510254,13.599006928123423,10
maddpg,35,-45.95408477783203,20.011159049174147,10
maddpg,36,-48.35668239593506,18.8184456285714,10
maddpg,37,-57.551483917236325,18.805384201120322,10
maddpg,38,-61.49680843353271,14.591383332911546,10
maddpg,39,-56.10325393676758,17.40225667450352,10
maddpg,40,-46.030958557128905,18.404090475933245,10
maddpg,41,-55.221563720703124,18.77175866367925,10
maddpg,42,-47.53826751708984,16.96088768404119,10
maddpg,43,-52.53543262481689,25.092860781503088,10
maddpg,44,-40.70303497314453,13.366827943312206,10
maddpg,45,-53.42054996490479,20.619859434262562,10
maddpg,46,-45.52211742401123,14.67439485458836,10
maddpg,47,-47.33154926300049,16.60420150132094,10
maddpg,48,-44.82626857757568,14.629707371724802,10
maddpg,49,-40.2209771156311,16.759801559126313,10
maddpg,50,-40.153778839111325,13.905842596462193,10
maddpg,51,-35.85564250946045,9.117319049691833,10
maddpg,52,-44.8635892868042,26.900807583604227,10
maddpg,53,-35.68539905548096,11.9838134722777,10
maddpg,54,-40.02136421203613,11.624992155075361,10
maddpg,55,-32.43139724731445,15.873231547767697,10
maddpg,56,-38.01144256591797,14.54837334710971,10
maddpg,57,-34.88105010986328,9.347759191089787,10
maddpg,58,-44.42937316894531,24.457603032471496,10
maddpg,59,-35.83756446838379,18.687158349022646,10
maddpg,60,-35.40196990966797,15.222216527100526,10
maddpg,61,-30.203455638885497,13.699216096811123,10
maddpg,62,-38.47227039337158,12.948860553191558,10
maddpg,63,-26.87929916381836,7.677650792239474,10
maddpg,64,-35.457502365112305,11.006732892068468,10
maddpg,65,-26.45916690826416,7.681913090298426,10
maddpg,66,-37.75345592498779,16.33405247837991,10
maddpg,67,-25.843759632110597,6.024570329282076,10
maddpg,68,-30.654553985595705,11.162191636556082,10
maddpg,69,-30.44405403137207,12.103611244458628,10
maddpg,70,-26.70918426513672,8.041311000814588,10
maddpg,71,-30.98302068710327,10.7031263197904,10
maddpg,72,-28.468747711181642,6.089004056024901,10
maddpg,73,-31.452027320861816,13.098001768581451,10
maddpg,74,-29.498129463195802,10.701852684105534,10
maddpg,75,-26.094869232177736,9.155361410813804,10
maddpg,76,-25.36794090270996,8.302388501015228,10
maddpg,77,-22.374481010437012,4.870552966967069,10
maddpg,78,-23.989288139343262,5.0542132149220285,10
maddpg,79,-27.139137268066406,8.241995789204692,10
maddpg,80,-27.783956146240236,14.005636618193382,10
maddpg,81,-20.708587455749512,3.274743291458714,10
maddpg,82,-25.85618829727173,8.29687395415678,10
maddpg,83,-25.873355674743653,9.3718455431907,10
maddpg,84,-23.293212604522704,5.648055071523584,10
maddpg,85,-21.35202913284302,5.590053015551353,10
maddpg,86,-24.369711303710936,6.096151667198732,10
maddpg,87,-24.821176052093506,7.835640073142131,10
maddpg,88,-24.371810531616212,7.061311614131136,10
maddpg,89,-22.983601570129395,7.8804202166819834,10
maddpg,90,-25.412878131866456,6.4841839712517295,10
maddpg,91,-26.069648647308348,9.085604544239569,10
maddpg,92,-27.37755718231201,9.103932272542608,10
maddpg,93,-23.04239501953125,9.276525047393779,10
maddpg,94,-26.642177295684814,10.008532849277048,10
maddpg,95,-24.692300224304198,8.734895779206095,10
maddpg,96,-27.613607978820802,9.039295660479764,10
maddpg,97,-25.493798542022706,7.669792496430686,10
maddpg,98,-25.2608304977417,9.474714231852287,10
maddpg,99,-23.66001033782959,7.9143948043593975,10
maddpg,100,-24.40342197418213,4.611482306185615,10
maddpg,101,-22.487648010253906,5.224082031694576,10
maddpg,102,-21.82791919708252,3.8601583543057183,10
maddpg,103,-23.576546573638915,7.947217573236568,10
maddpg,104,-23.17855033874512,4.637279826472732,10
maddpg,105,-20.315791416168214,5.11504300451138,10
maddpg,106,-21.327066707611085,6.468310268193874,10
maddpg,107,-24.001590156555174,5.481232253875418,10
maddpg,108,-25.939642238616944,5.7504163878945675,10
maddpg,109,-25.63535871505737,7.960032988534012,10
maddpg,110,-25.518415451049805,8.406879464139234,10
maddpg,111,-21.54883165359497,5.506578350150867,10
maddpg,112,-23.58722343444824,3.8945743819998455,10
maddpg,113,-21.932984828948975,6.054545953098615,10
maddpg,114,-22.98384084701538,7.275835707686799,10
maddpg,115,-20.755030822753906,5.3435225870476994,10
maddpg,116,-26.02982292175293,5.6634095037714305,10
maddpg,117,-25.776166343688963,5.541408771458956,10
maddpg,118,-26.054097366333007,4.985829353548182,10
maddpg,119,-25.52137956619263,5.0351006001163805,10
maddpg,120,-23.86169319152832,5.130636214001446,10
maddpg,121,-25.95569944381714,6.259296210957519,10
maddpg,122,-23.038266372680663,5.169571611938937,10
maddpg,123,-21.34649076461792,6.44141360339,10
maddpg,124,-22.890403842926027,5.177240902482393,10
maddpg,125,-19.878172588348388,6.620632846693498,10
maddpg,126,-23.17955951690674,6.302602837927712,10
maddpg,127,-23.653000259399413,5.309647851529089,10
maddpg,128,-24.540050315856934,3.0565324614104075,10
maddpg,129,-24.73946886062622,7.023885574309287,10
maddpg,130,-24.08580141067505,5.655627486299595,10
maddpg,131,-22.171514415740965,6.667684345353162,10
maddpg,132,-19.53179016113281,1.9878459517518043,10
maddpg,133,-22.128886795043947,6.187761478391956,10
maddpg,134,-24.168933200836182,6.110170024263016,10
maddpg,135,-21.855558395385742,3.002265241432191,10
maddpg,136,-22.713684272766113,2.7004839852422253,10
maddpg,137,-23.802066612243653,5.940097782100986,10
maddpg,138,-22.090573024749755,4.887067428674889,10
maddpg,139,-22.140928077697755,4.231878217101368,10
maddpg,140,-22.9082070350647,6.387941003538136,10
maddpg,141,-22.689200115203857,5.413930406796449,10
maddpg,142,-24.219446182250977,8.084279058280982,10
maddpg,143,-22.506592178344725,4.797755278590965,10
maddpg,144,-21.984388637542725,4.964208089184272,10
maddpg,145,-19.385647296905518,3.574299219353217,10
maddpg,146,-22.559376525878907,3.6635122800958304,10
maddpg,147,-20.00324401855469,2.2880914110265733,10
maddpg,148,-22.422798538208006,6.625793997591526,10
maddpg,149,-21.95879783630371,4.727909494694888,10
maddpg,150,-22.61094970703125,7.189988080120146,10
maddpg,151,-22.7078218460083,6.438732090403949,10
maddpg,152,-23.73073282241821,6.72990789599919,10
maddpg,153,-22.62379150390625,4.4081035259727885,10
maddpg,154,-22.78356227874756,6.910178491059413,10
maddpg,155,-22.18835906982422,6.3125800102417715,10
maddpg,156,-22.82278871536255,5.5659403975783714,10
maddpg,157,-22.046870994567872,6.0116007313859345,10
maddpg,158,-20.810209655761717,4.620631167968411,10
maddpg,159,-21.45130624771118,4.230997516243051,10
maddpg,160,-24.45553684234619,5.717656092722781,10
maddpg,161,-22.32642765045166,3.912253724830555,10
maddpg,162,-20.152820205688478,4.4911533216496276,10
maddpg,163,-22.53907346725464,4.360046252659711,10
maddpg,164,-21.92289295196533,4.452916488634096,10
maddpg,165,-20.372039318084717,4.579787210152656,10
maddpg,166,-20.950025177001955,4.682030587767003,10
maddpg,167,-23.376327896118163,4.90647277307182,10
maddpg,168,-24.032318782806396,4.040512333047444,10
maddpg,169,-22.11883716583252,8.830690433129257,10
maddpg,170,-20.677290058135988,3.7023641726746,10
maddpg,171,-24.01947021484375,2.651672516445998,10
maddpg,172,-21.00359115600586,3.769180741721396,10
maddpg,173,-22.228938484191893,3.8008037250389486,10
maddpg,174,-20.917127513885497,4.674495465668895,10
maddpg,175,-22.547079849243165,3.729607695070301,10
maddpg,176,-22.768049430847167,4.236745128315895,10
maddpg,177,-21.556429195404053,4.1943488615389874,10
maddpg,178,-20.2592924118042,6.366443998873739,10
maddpg,179,-21.076015853881835,5.99941723739037,10
maddpg,180,-21.538346099853516,2.951816487415962,10
maddpg,181,-20.67667236328125,5.181550265157575,10
maddpg,182,-20.176494121551514,5.526113349445489,10
maddpg,183,-21.760325050354005,4.883319333285111,10
maddpg,184,-20.208945941925048,5.77641572200736,10
maddpg,185,-19.581857204437256,4.571801444343248,10
maddpg,186,-20.545185375213624,4.419968951103152,10
maddpg,187,-21.248166465759276,2.659689074926853,10
maddpg,188,-21.058401107788086,4.656329631542489,10
maddpg,189,-19.732246685028077,3.727905317808156,10
maddpg,190,-20.591387367248537,5.6655095820938675,10
maddpg,191,-23.699878311157228,5.623912731008338,10
maddpg,192,-20.793168926239012,6.316562759786259,10
maddpg,193,-21.102613258361817,4.078540697108065,10
maddpg,194,-22.632078170776367,5.0811402888340895,10
maddpg,195,-23.797373008728027,5.415471107813345,10
maddpg,196,-19.65201082229614,5.62677412056892,10
maddpg,197,-22.614521789550782,2.9601339475480106,10
maddpg,198,-20.66754961013794,4.3556001399802815,10
maddpg,199,-21.85343132019043,4.815097610975194,10
maddpg,200,-21.156309604644775,5.724471964925187,10
maddpg,201,-22.598585510253905,5.6811063946138844,10
maddpg,202,-21.97977457046509,5.560107727590617,10
maddpg,203,-23.98765058517456,6.480309351844445,10
maddpg,204,-20.182705783843993,2.5924861541291007,10
maddpg,205,-21.571767234802245,4.551810944125939,10
maddpg,206,-23.37858428955078,4.033608039519602,10
maddpg,207,-22.908359432220458,4.726385890210636,10
maddpg,208,-19.97898645401001,6.014767922034065,10
maddpg,209,-23.081482696533204,6.213916252916432,10
maddpg,210,-21.239634418487547,3.840070020902688,10
maddpg,211,-18.956959533691407,3.4699810188676783,10
maddpg,212,-20.468249988555907,5.718482045103469,10
maddpg,213,-21.24024887084961,4.091945017315388,10
maddpg,214,-20.298043727874756,4.6727581326982275,10
maddpg,215,-20.30387439727783,5.016652578743455,10
maddpg,216,-21.26366662979126,5.5116248461123005,10
maddpg,217,-21.202998638153076,3.493799401840754,10
maddpg,218,-21.97141981124878,3.7083469012598376,10
maddpg,219,-20.917482757568358,3.3955627826072314,10
maddpg,220,-18.628441429138185,4.266280503953196,10
maddpg,221,-22.143106079101564,1.6196547276582842,10
maddpg,222,-21.94560089111328,4.661218917102468,10
maddpg,223,-20.44006938934326,2.2698762840769158,10
maddpg,224,-22.722152709960938,5.488938914735194,10
maddpg,225,-18.368135452270508,4.574531829738114,10
maddpg,226,-18.576594352722168,3.9030794857576283,10
maddpg,227,-21.446442985534667,4.867583349336462,10
maddpg,228,-22.632519817352296,7.272293689537726,10
maddpg,229,-19.310661125183106,4.947308743023227,10
maddpg,230,-21.2092716217041,4.940087742513698,10
maddpg,231,-22.48360404968262,7.934917452284339,10
maddpg,232,-19.294264602661134,5.768778834147975,10
maddpg,233,-19.77480592727661,5.560034174489471,10
maddpg,234,-22.90603017807007,6.2654554068261605,10
maddpg,235,-21.09235363006592,6.389893182616385,10
maddpg,236,-20.464506244659425,6.018069257371993,10
maddpg,237,-18.77756814956665,3.7185208473680116,10
maddpg,238,-18.775741577148438,2.1287290347282948,10
maddpg,239,-21.28296136856079,5.437222543102584,10
maddpg,240,-20.832355785369874,4.235264618725994,10
maddpg,241,-20.00627021789551,5.169177986636796,10
maddpg,242,-18.896659469604494,4.430878199151105,10
maddpg,243,-20.60603313446045,5.134421777330477,10
maddpg,244,-21.430174827575684,6.7892283101458615,10
maddpg,245,-21.372602939605713,6.811184315398481,10
maddpg,246,-21.74989786148071,6.116116844880013,10
maddpg,247,-20.623415374755858,5.693168036387412,10
maddpg,248,-19.339818954467773,3.733517508566049,10
maddpg,249,-20.6796875,4.980652153573468,10
maddpg,250,-22.21503028869629,7.080410494143225,10
maddpg,251,-21.69375858306885,3.748703046001659,10
maddpg,252,-22.78615026473999,4.51392611394047,10
maddpg,253,-23.31816577911377,6.632977658092738,10
maddpg,254,-19.294239139556886,3.9971696547102846,10
maddpg,255,-19.216756916046144,4.743674199947994,10
maddpg,256,-21.062755584716797,3.9735645775849218,10
maddpg,257,-19.93742504119873,4.288662408533756,10
maddpg,258,-21.73415689468384,7.053205614103537,10
maddpg,259,-23.042479991912842,6.994737989684055,10
maddpg,260,-22.44117317199707,7.010340417386449,10
maddpg,261,-22.6921085357666,4.824516187845005,10
maddpg,262,-22.424789142608642,5.050132859137701,10
maddpg,263,-21.4051100730896,7.703274426688957,10
maddpg,264,-19.635600280761718,5.24052655003548,10
maddpg,265,-22.11163215637207,6.043515815396775,10
maddpg,266,-21.504645824432373,6.646637365176471,10
maddpg,267,-19.088166999816895,7.585334106235649,10
maddpg,268,-22.501815223693846,5.9590172380245,10
maddpg,269,-21.863253593444824,3.29689467442914,10
maddpg,270,-18.90808038711548,6.688826702758753,10
maddpg,271,-20.96422424316406,6.203891224645733,10
maddpg,272,-19.916380214691163,4.8519735146537935,10
maddpg,273,-19.448129177093506,6.288325748088075,10
maddpg,274,-18.688633728027344,5.032016662340968,10
maddpg,275,-22.158457279205322,8.860340938384219,10
maddpg,276,-24.19852294921875,4.950372076967632,10
maddpg,277,-22.676768398284914,5.884875453445029,10
maddpg,278,-19.373724365234374,7.222622748958832,10
maddpg,279,-21.98981523513794,6.36685532858593,10
maddpg,280,-18.315807819366455,4.884538640822011,10
maddpg,281,-20.39911870956421,5.696178722865392,10
maddpg,282,-19.922526264190672,7.7244155285480645,10
maddpg,283,-21.30554666519165,4.308158451100491,10
maddpg,284,-23.881093406677245,6.152015706460563,10
maddpg,285,-21.454998779296876,5.001257529486674,10
maddpg,286,-16.606145286560057,4.4774414310735615,10
maddpg,287,-24.980024909973146,4.496075179845604,10
maddpg,288,-22.432931900024414,5.804594869287001,10
maddpg,289,-22.617515087127686,8.412597712279787,10
maddpg,290,-18.500585746765136,5.190220169567285,10
maddpg,291,-24.816902542114256,4.108793780648918,10
maddpg,292,-19.268862819671632,4.673945553208819,10
maddpg,293,-23.217669773101807,6.104689534172581,10
maddpg,294,-22.50082015991211,5.938306487762497,10
maddpg,295,-20.61382637023926,5.498457860865066,10
maddpg,296,-22.85181245803833,5.8347730674311125,10
maddpg,297,-21.678779983520506,6.2913333321247,10
maddpg,298,-18.037641334533692,4.528050250794466,10
maddpg,299,-20.768109798431396,7.105160960766285,10
maddpg,300,-23.27233819961548,9.068822418541597,10
maddpg,301,-22.904096126556396,4.105604793395691,10
maddpg,302,-23.15379419326782,7.6262697279831295,10
maddpg,303,-19.130010414123536,4.738432945282317,10
maddpg,304,-22.22141342163086,6.672726579014421,10
maddpg,305,-23.710275745391847,5.969206159291701,10
maddpg,306,-21.86237440109253,6.0177334368984985,10
maddpg,307,-21.864357948303223,6.7733937659539105,10
maddpg,308,-19.257349681854247,5.550481116505752,10
maddpg,309,-22.211355209350586,6.140998671414827,10
maddpg,310,-22.240569019317626,6.853822230676564,10
maddpg,311,-22.782638263702392,4.157602843397538,10
maddpg,312,-21.097617626190186,5.504116064820319,10
maddpg,313,-20.911918926239014,6.94338193870017,10
maddpg,314,-22.05183153152466,4.85945139304414,10
maddpg,315,-21.52399778366089,5.555561983056779,10
maddpg,316,-22.028145408630373,6.572949167389191,10
maddpg,317,-20.443889093399047,8.204176900061867,10
maddpg,318,-21.150634288787842,5.292560266892928,10
maddpg,319,-21.92400140762329,4.933555369802683,10
maddpg,320,-20.477226161956786,5.220561587069368,10
maddpg,321,-19.70587739944458,4.260637286607531,10
maddpg,322,-24.6926570892334,5.769471563152793,10
maddpg,323,-21.301265525817872,5.938803045938018,10
maddpg,324,-20.40425157546997,2.9093346061711056,10
maddpg,325,-19.696211433410646,4.97771081739236,10
maddpg,326,-21.646182537078857,5.226880146058213,10
maddpg,327,-20.764433288574217,5.518264809766831,10
maddpg,328,-21.23912992477417,4.521704342726303,10
maddpg,329,-18.999011754989624,7.099346626080731,10
maddpg,330,-21.134592533111572,4.5765519708155855,10
maddpg,331,-23.922580432891845,10.636394912886095,10
maddpg,332,-21.225346565246582,7.4504754612451904,10
maddpg,333,-18.36401891708374,6.997714847525837,10
maddpg,334,-20.705367279052734,3.5943615123186237,10
maddpg,335,-20.924091720581053,6.024971478014681,10
maddpg,336,-20.94034824371338,4.070562293294162,10
maddpg,337,-19.826533603668214,5.171509335565241,10
maddpg,338,-21.447759437561036,6.253802153700187,10
maddpg,339,-23.336384773254395,7.302027698543913,10
maddpg,340,-21.77535524368286,5.885244060385573,10
maddpg,341,-19.62913112640381,4.898726705345881,10
maddpg,342,-21.9520414352417,2.989048786041148,10
maddpg,343,-20.398908042907713,7.075862441156351,10
maddpg,344,-20.133223152160646,4.840078677357592,10
maddpg,345,-19.890017604827882,2.854267267996477,10
maddpg,346,-22.014035415649413,5.88996701493231,10
maddpg,347,-24.213592052459717,10.016006070666734,10
maddpg,348,-20.63581838607788,6.0541840938617835,10
maddpg,349,-25.240049362182617,8.314774843177904,10
maddpg,350,-20.36501541137695,5.363849148611483,10
maddpg,351,-21.314008712768555,7.098274302976272,10
maddpg,352,-21.38910894393921,4.869483838383661,10
maddpg,353,-22.21235771179199,5.206240657601487,10
maddpg,354,-20.790524196624755,3.793424190167799,10
maddpg,355,-17.703054904937744,4.883642341212872,10
maddpg,356,-21.549511241912843,4.213040800746194,10
maddpg,357,-21.37627935409546,5.855768660533276,10
maddpg,358,-21.418491077423095,5.637079188713488,10
maddpg,359,-19.688328075408936,6.038916697724903,10
maddpg,360,-18.252683639526367,5.268474023467529,10
maddpg,361,-22.919905853271484,4.981654494269392,10
maddpg,362,-22.064193725585938,4.951355010785598,10
maddpg,363,-18.923278522491454,7.395206329596034,10
maddpg,364,-18.98502950668335,3.1502946395070706,10
maddpg,365,-19.186273765563964,7.541589945349522,10
maddpg,366,-21.284082698822022,5.5049596465345125,10
maddpg,367,-21.73369617462158,6.460551029907021,10
maddpg,368,-20.893068695068358,5.084799788512743,10
maddpg,369,-21.180801963806154,7.291427215252259,10
maddpg,370,-19.432592391967773,4.533382199632203,10
maddpg,371,-21.04328966140747,5.148591552713682,10
maddpg,372,-21.769988918304442,5.09027728220545,10
maddpg,373,-21.396963787078857,5.27951533977214,10
maddpg,374,-20.155037307739256,5.100754705143304,10
maddpg,375,-23.68966417312622,6.169713408540699,10
maddpg,376,-20.178967189788818,5.175358966485675,10
maddpg,377,-19.667714214324953,6.292794238064678,10
maddpg,378,-22.46450080871582,5.40127804951681,10
maddpg,379,-22.067099189758302,4.805662178858061,10
maddpg,380,-19.07094774246216,4.937452671133416,10
maddpg,381,-20.24684886932373,7.799345506966664,10
maddpg,382,-22.62976312637329,3.60570375314739,10
maddpg,383,-21.02637586593628,5.098357082816696,10
maddpg,384,-21.36274423599243,4.79265365558687,10
maddpg,385,-22.891401481628417,4.243131782436739,10
maddpg,386,-20.39087133407593,4.63183324639007,10
maddpg,387,-19.795876502990723,4.434083155628973,10
maddpg,388,-20.485028553009034,5.848416910810167,10
maddpg,389,-16.712466716766357,3.1821222708163868,10
maddpg,390,-20.521148490905762,6.387034860843874,10
maddpg,391,-20.748016834259033,3.701682727317488,10
maddpg,392,-21.834544944763184,5.737199975701288,10
maddpg,393,-18.199505424499513,4.583058889184885,10
maddpg,394,-20.280638790130617,3.356308399198384,10
maddpg,395,-22.18002529144287,4.958620002683431,10
maddpg,396,-22.68840742111206,7.789890501451285,10
maddpg,397,-22.072619819641112,6.02200201029134,10
maddpg,398,-21.49895648956299,6.138736943885822,10
maddpg,399,-23.92482328414917,5.602204659259395,10
maddpg,400,-21.798399353027342,3.7105366949999925,10
maddpg,401,-20.971142482757568,5.001786344688127,10
maddpg,402,-22.9833776473999,5.385547302372628,10
maddpg,403,-21.110628414154053,4.921063169585007,10
maddpg,404,-21.66462936401367,3.6070015047165294,10
maddpg,405,-22.006072998046875,4.337026804577978,10
maddpg,406,-19.96699047088623,4.973112727608119,10
maddpg,407,-21.362311935424806,2.5348310689545164,10
maddpg,408,-20.495571994781493,4.24278584996273,10
maddpg,409,-21.589658546447755,5.8579849214881685,10
maddpg,410,-21.816753673553468,8.077513557485826,10
maddpg,411,-21.47533760070801,5.354804383794647,10
maddpg,412,-21.534182262420654,6.965759857570696,10
maddpg,413,-22.27823076248169,4.957239894398669,10
maddpg,414,-19.29809789657593,5.165403481305736,10
maddpg,415,-20.39064292907715,4.962074433745891,10
maddpg,416,-20.05816059112549,5.1487418718596185,10
maddpg,417,-20.928271675109862,5.032157555264075,10
maddpg,418,-22.81984634399414,5.550055624131546,10
maddpg,419,-20.61411428451538,3.7324656750336787,10
maddpg,420,-21.858131217956544,7.102951117755548,10
maddpg,421,-23.480155181884765,3.6749320073083784,10
maddpg,422,-23.729386711120604,6.213382885662214,10
maddpg,423,-21.353247356414794,8.871156900655821,10
maddpg,424,-21.103013706207275,3.6626441942268007,10
maddpg,425,-22.386278057098387,4.574925222609665,10
maddpg,426,-19.17752571105957,4.497266309751869,10
maddpg,427,-19.073831176757814,4.803497675936959,10
maddpg,428,-19.19144229888916,5.383878818678618,10
maddpg,429,-20.275122356414794,3.50983121746337,10
maddpg,430,-19.98958854675293,4.0475062388770535,10
maddpg,431,-20.545739936828614,3.698015477921393,10
maddpg,432,-22.9943886756897,5.320370298856825,10
maddpg,433,-18.522528171539307,3.48112602213054,10
maddpg,434,-20.39703722000122,5.603125107444555,10
maddpg,435,-21.68538703918457,5.042840383794157,10
maddpg,436,-18.902860260009767,5.856602565321603,10
maddpg,437,-18.65681505203247,3.320827043466999,10
maddpg,438,-21.081398010253906,6.673302597614992,10
maddpg,439,-21.184464168548583,4.696272464448783,10
maddpg,440,-21.106251907348632,7.468829269482749,10
maddpg,441,-19.44633493423462,3.6338081573306993,10
maddpg,442,-18.67177095413208,4.8951773843089965,10
maddpg,443,-21.52472143173218,4.263458032699643,10
maddpg,444,-18.197718620300293,6.73303478455119,10
maddpg,445,-18.777813053131105,5.539739548777396,10
maddpg,446,-19.981509685516357,5.617527041799757,10
maddpg,447,-21.627793884277345,2.0642022456343248,10
maddpg,448,-20.944306564331054,6.36279713680162,10
maddpg,449,-19.30236644744873,3.564935759331385,10
maddpg,450,-22.314794731140136,3.9333770323535044,10
maddpg,451,-20.882004165649413,4.103517085504446,10
maddpg,452,-18.312743854522704,3.2815142647626874,10
maddpg,453,-21.87514877319336,5.613822323963328,10
maddpg,454,-17.677269744873048,5.308077865746951,10
maddpg,455,-19.96891279220581,3.805253039005088,10
maddpg,456,-21.606729793548585,5.538351550894041,10
maddpg,457,-19.652839946746827,2.639612872406333,10
maddpg,458,-19.311632919311524,5.8904741547605735,10
maddpg,459,-20.815563774108888,2.8049931312753698,10
maddpg,460,-18.71041069030762,5.384837876837001,10
maddpg,461,-21.1600661277771,4.387242702076431,10
maddpg,462,-21.05403776168823,4.760685185366152,10
maddpg,463,-20.543762969970704,4.2317682401500525,10
maddpg,464,-17.842442321777344,5.889467500708374,10
maddpg,465,-22.243600368499756,4.275215174244207,10
maddpg,466,-20.814051818847656,4.135140220173781,10
maddpg,467,-20.815496253967286,4.833439535099522,10
maddpg,468,-18.8866455078125,3.614533814478481,10
maddpg,469,-21.85521831512451,5.7070366418587275,10
maddpg,470,-16.441982650756835,4.448713560595272,10
maddpg,471,-19.31982002258301,5.654871827420226,10
maddpg,472,-19.455303287506105,5.123117243998282,10
maddpg,473,-21.386029052734376,6.288875743467206,10
maddpg,474,-17.41307725906372,3.5037612652154646,10
maddpg,475,-21.635822105407716,4.62714296315393,10
maddpg,476,-21.08982172012329,3.8789543946422307,10
maddpg,477,-20.96201295852661,3.4927571847531094,10
maddpg,478,-18.786859798431397,3.8611237927434616,10
maddpg,479,-21.369703483581542,4.327284640159548,10
maddpg,480,-19.770819473266602,4.742761591587795,10
maddpg,481,-20.25335111618042,4.394389304131891,10
maddpg,482,-18.707650184631348,3.5149890202187564,10
maddpg,483,-20.045537662506103,3.8940236892720375,10
maddpg,484,-20.511618518829344,4.652108970754185,10
maddpg,485,-19.933714294433592,3.426077852956379,10
maddpg,486,-18.92592649459839,3.7900849499835148,10
maddpg,487,-22.7808557510376,5.663413698485261,10
maddpg,488,-19.54114818572998,3.1110092503795848,10
maddpg,489,-19.611394500732423,3.0117301780479573,10
maddpg,490,-20.769987297058105,6.279537674676819,10
maddpg,491,-18.316358470916747,4.609366529330265,10
maddpg,492,-21.089902496337892,4.8906419479459995,10
maddpg,493,-19.312819480895996,4.118949156820709,10
maddpg,494,-19.3989520072937,5.257178094245654,10
maddpg,495,-21.13281841278076,4.955474337464179,10
maddpg,496,-18.356291484832763,3.325911567386914,10
maddpg,497,-16.410101222991944,2.205060384813021,10
maddpg,498,-20.48019151687622,5.292913957551962,10
maddpg,499,-22.575298500061034,4.686522658355478,10
maddpg,500,-20.55504274368286,5.617338696553141,10
maddpg,501,-20.532992458343507,7.8433462278081345,10
maddpg,502,-19.708397960662843,3.627209013058718,10
maddpg,503,-20.59802188873291,4.626561502374846,10
maddpg,504,-22.146014881134032,4.547989693935006,10
maddpg,505,-22.49193630218506,4.329803245974607,10
maddpg,506,-21.79290351867676,5.5858214782894775,10
maddpg,507,-18.399440956115722,2.621945919437678,10
maddpg,508,-18.502164936065675,3.6491122795476434,10
maddpg,509,-21.637162971496583,8.615818388883323,10
maddpg,510,-20.81420135498047,4.475773544619478,10
maddpg,511,-20.18275394439697,4.076897564281265,10
maddpg,512,-22.313013744354247,6.63762975683336,10
maddpg,513,-19.947795963287355,2.3303093360880096,10
maddpg,514,-21.60913305282593,4.276167696210991,10
maddpg,515,-20.347757434844972,6.024972299891269,10
maddpg,516,-21.86870241165161,5.713574529333461,10
maddpg,517,-20.770033264160155,6.002424717510379,10
maddpg,518,-18.997199630737306,4.360436378242756,10
maddpg,519,-18.771089839935303,3.863369979026945,10
maddpg,520,-20.288345336914062,5.795210772430258,10
maddpg,521,-20.3659930229187,3.766277483948571,10
maddpg,522,-19.927468967437743,5.782515010382603,10
maddpg,523,-19.425253009796144,3.327548217192875,10
maddpg,524,-18.784799003601073,4.961149674574661,10
maddpg,525,-20.450764465332032,6.756213478041985,10
maddpg,526,-21.382910633087157,5.574147091835246,10
maddpg,527,-18.98337106704712,4.896854681673676,10
maddpg,528,-22.109539222717284,3.318775416248043,10
maddpg,529,-19.532143211364748,5.079960408194128,10
maddpg,530,-19.118366146087645,5.3906968548290175,10
maddpg,531,-19.20353956222534,3.3738379414432242,10
maddpg,532,-20.577861976623534,4.005959199390361,10
maddpg,533,-20.440098762512207,4.762708176514063,10
maddpg,534,-19.39185848236084,4.273127653586744,10
maddpg,535,-17.680996894836426,4.682697166971327,10
maddpg,536,-18.987989616394042,5.871480884431568,10
maddpg,537,-19.739040184020997,5.716002923970672,10
maddpg,538,-19.352526473999024,5.597411570588294,10
maddpg,539,-20.52287302017212,4.747031123793748,10
maddpg,540,-21.310633850097656,4.480462030392718,10
maddpg,541,-18.775612545013427,3.356606056105528,10
maddpg,542,-20.711942291259767,5.48490872456942,10
maddpg,543,-18.25612382888794,5.924711206661713,10
maddpg,544,-19.168291759490966,3.4012984715189845,10
maddpg,545,-19.00162010192871,5.41878413419148,10
maddpg,546,-17.957262325286866,4.6679558397076635,10
maddpg,547,-21.54996576309204,5.788590285535294,10
maddpg,548,-21.633516025543212,5.137741757337504,10
maddpg,549,-21.30092887878418,4.740976279856862,10
maddpg,550,-20.359576511383057,4.6099906376931035,10
maddpg,551,-18.484298133850096,4.997137795250429,10
maddpg,552,-21.118990230560303,6.748340098535069,10
maddpg,553,-20.3412917137146,6.212398332101006,10
maddpg,554,-21.93247184753418,5.52513057240351,10
maddpg,555,-21.40781764984131,7.065093499930048,10
maddpg,556,-19.11370983123779,5.924697686795685,10
maddpg,557,-19.18550624847412,4.773926345089971,10
maddpg,558,-21.311518287658693,3.795864313071236,10
maddpg,559,-18.58021831512451,3.604969999609056,10
maddpg,560,-19.738562870025635,2.992911215210662,10
maddpg,561,-19.843374919891357,6.926511417061646,10
maddpg,562,-19.44437618255615,1.7136282203546305,10
maddpg,563,-19.957511138916015,4.394812745635041,10
maddpg,564,-21.25373706817627,2.8808646127372692,10
maddpg,565,-20.446515369415284,7.367717325876392,10
maddpg,566,-20.148953342437743,4.9582361823428505,10
maddpg,567,-20.760877895355225,5.980696724133107,10
maddpg,568,-21.17980785369873,4.4681070304540595,10
maddpg,569,-19.320337581634522,5.6693294651166735,10
maddpg,570,-18.729841232299805,3.838818168416657,10
maddpg,571,-18.708027935028078,4.389089798957673,10
maddpg,572,-21.161422538757325,6.581392120743831,10
maddpg,573,-18.85450963973999,4.914336251387685,10
maddpg,574,-18.343868732452393,3.5611598410458667,10
maddpg,575,-17.68654155731201,4.405199521978378,10
maddpg,576,-20.33737630844116,4.812248323883158,10
maddpg,577,-21.37154092788696,5.027355680802401,10
maddpg,578,-22.55031099319458,6.233317781711598,10
maddpg,579,-19.038386821746826,5.619571581929813,10
maddpg,580,-18.241749477386474,5.0001056671835435,10
maddpg,581,-21.647721004486083,4.121285977963185,10
maddpg,582,-21.218544292449952,4.809372643458811,10
maddpg,583,-20.006599617004394,5.165736467355525,10
maddpg,584,-20.070439720153807,5.804856915072445,10
maddpg,585,-21.918936824798585,6.538020751953352,10
maddpg,586,-24.063749694824217,5.349914116915433,10
maddpg,587,-17.60885934829712,4.876933346850648,10
maddpg,588,-22.007561874389648,3.450887642952206,10
maddpg,589,-19.972086906433105,3.7883683254738423,10
maddpg,590,-20.487506866455078,4.404195145243089,10
maddpg,591,-20.63772201538086,4.223028161743045,10
maddpg,592,-22.20378131866455,4.323675129128532,10
maddpg,593,-21.364528369903564,5.224586276560098,10
maddpg,594,-20.308667945861817,4.262278825045203,10
maddpg,595,-19.970836448669434,5.721526592649634,10
maddpg,596,-22.237511825561523,3.1630473780040056,10
maddpg,597,-18.235048866271974,4.037082678041466,10
maddpg,598,-22.911427307128907,5.358559458914348,10
maddpg,599,-19.10362367630005,3.733500541578737,10
maddpg,600,-18.027184104919435,3.070611539424776,10
maddpg,601,-22.757056045532227,6.381952813243419,10
maddpg,602,-20.88815507888794,5.549214246271131,10
maddpg,603,-18.316242027282716,4.7734898137576955,10
maddpg,604,-19.833794689178468,5.0292590961331385,10
maddpg,605,-18.59961633682251,4.8231301256955135,10
maddpg,606,-20.603662967681885,4.758834320112315,10
maddpg,607,-19.39545621871948,6.36667799371484,10
maddpg,608,-21.977186012268067,4.694669614003875,10
maddpg,609,-20.229454517364502,5.333895266336491,10
maddpg,610,-20.498467540740968,5.050692512952407,10
maddpg,611,-19.362333297729492,5.410534897005384,10
maddpg,612,-21.308189392089844,5.372085943670878,10
maddpg,613,-20.984903717041014,3.4869709870159507,10
maddpg,614,-21.7659330368042,6.040314464193396,10
maddpg,615,-18.48933506011963,4.965477075404571,10
maddpg,616,-20.082634067535402,4.057876145722737,10
maddpg,617,-18.698535442352295,5.6169492890189545,10
maddpg,618,-19.68745641708374,4.387601956437762,10
maddpg,619,-22.18119716644287,4.165810180511638,10
maddpg,620,-18.981604957580565,6.829383310636305,10
maddpg,621,-20.320954990386962,6.637784248542233,10
maddpg,622,-18.95371322631836,4.856414910811799,10
maddpg,623,-19.660124397277833,4.073313233040377,10
maddpg,624,-21.092985439300538,5.1942651971194715,10
maddpg,625,-21.912897205352785,4.843873428718378,10
maddpg,626,-19.675671577453613,4.977991251732669,10
maddpg,627,-19.99617757797241,6.373945894189687,10
maddpg,628,-19.923387908935545,2.569030763523604,10
maddpg,629,-18.6556734085083,5.350116845821002,10
maddpg,630,-20.095002460479737,4.5114013823144425,10
maddpg,631,-23.955039024353027,6.899844192291785,10
maddpg,632,-18.93125009536743,5.103249881803099,10
maddpg,633,-19.901951408386232,9.649069924488627,10
maddpg,634,-17.924740886688234,3.598549113168417,10
maddpg,635,-23.450826740264894,7.803324355873469,10
maddpg,636,-18.54799280166626,5.166214350628566,10
maddpg,637,-21.974763488769533,5.5866746979396105,10
maddpg,638,-17.20881280899048,4.128095952793654,10
maddpg,639,-22.963427352905274,8.297901966637724,10
maddpg,640,-19.67091178894043,3.2027784728544377,10
maddpg,641,-17.415471410751344,5.9712637375348026,10
maddpg,642,-17.242438316345215,3.877036110016395,10
maddpg,643,-17.999382495880127,2.8694758533160107,10
maddpg,644,-17.084512996673585,4.169173434569909,10
maddpg,645,-20.312706756591798,4.48872406898855,10
maddpg,646,-18.003770542144775,5.9505987969875305,10
maddpg,647,-19.146592998504637,5.395037199525758,10
maddpg,648,-20.703509044647216,6.611739581289768,10
maddpg,649,-21.085400295257568,6.264624722124766,10
maddpg,650,-16.541566181182862,3.4114486708723186,10
maddpg,651,-19.037254428863527,5.72467202402072,10
maddpg,652,-18.33468713760376,7.045056756110844,10
maddpg,653,-21.661060428619386,4.564410905851272,10
maddpg,654,-19.836723232269286,6.64279777687516,10
maddpg,655,-20.242101097106932,7.5116174170361365,10
maddpg,656,-20.068636417388916,6.085055095645826,10
maddpg,657,-22.892723083496094,5.37808468497422,10
maddpg,658,-19.561360549926757,5.9390787259195665,10
maddpg,659,-20.571875381469727,4.807701171350935,10
maddpg,660,-19.372232723236085,3.5194381964319223,10
maddpg,661,-23.401585483551024,6.321213464611428,10
maddpg,662,-16.290355968475343,5.073175419715853,10
maddpg,663,-20.776961994171142,5.770936246051077,10
maddpg,664,-17.076600074768066,3.837669114183354,10
maddpg,665,-21.723046112060548,5.051836694200251,10
maddpg,666,-19.338999271392822,4.379487719589605,10
maddpg,667,-19.696877574920656,5.228660452658416,10
maddpg,668,-21.071137619018554,3.899538964635826,10
maddpg,669,-21.33200559616089,7.305939023089329,10
maddpg,670,-20.29148769378662,3.6604509105341583,10
maddpg,671,-19.656160354614258,4.982044216367746,10
maddpg,672,-20.783842277526855,4.331424794529203,10
maddpg,673,-19.239184951782228,5.904777780584236,10
maddpg,674,-16.591887283325196,4.248483022766283,10
maddpg,675,-21.628540515899658,4.512186653986753,10
maddpg,676,-20.052033042907716,4.941750024187769,10
maddpg,677,-19.00517511367798,7.924674679966824,10
maddpg,678,-20.805726146698,5.6549090475494825,10
maddpg,679,-20.802940082550048,5.189262676579036,10
maddpg,680,-18.65464582443237,4.980110178190793,10
maddpg,681,-20.02323188781738,4.846500875897164,10
maddpg,682,-19.695291233062743,5.233219575656621,10
maddpg,683,-20.505673313140868,5.012095084292674,10
maddpg,684,-18.87782621383667,7.469894811322552,10
maddpg,685,-18.4063982963562,4.805493499503474,10
maddpg,686,-20.58980016708374,4.8956585456074935,10
maddpg,687,-20.737309074401857,4.816803863605792,10
maddpg,688,-23.533198642730714,5.6249532505908775,10
maddpg,689,-18.020394325256348,4.84150013386328,10
maddpg,690,-18.070106506347656,4.702895397053119,10
maddpg,691,-20.644875144958498,4.705793023459296,10
maddpg,692,-19.29658203125,3.2676379499589894,10
maddpg,693,-18.8682053565979,5.30634892427594,10
maddpg,694,-19.464627265930176,4.612470718924166,10
maddpg,695,-22.343849182128906,8.3063828745771,10
maddpg,696,-21.567919635772704,6.333326918386389,10
maddpg,697,-18.54427127838135,3.9154292563471134,10
maddpg,698,-19.779175758361816,5.198821979899036,10
maddpg,699,-22.222420310974123,4.76362671536201,10
maddpg,700,-17.76709442138672,4.501346764733517,10
maddpg,701,-20.469940090179442,4.664841158836288,10
maddpg,702,-19.503476333618163,5.566574546317633,10
maddpg,703,-17.846697902679445,4.274797056241116,10
maddpg,704,-21.73827991485596,6.451741042576128,10
maddpg,705,-18.156397533416747,3.653770973662911,10
maddpg,706,-20.41512794494629,3.5467059356963646,10
maddpg,707,-17.8410062789917,2.609940626757009,10
maddpg,708,-19.913191032409667,4.865304535861615,10
maddpg,709,-19.51321859359741,5.765528348177898,10
maddpg,710,-17.376203060150146,4.102217626775796,10
maddpg,711,-17.811557006835937,4.530040458191206,10
maddpg,712,-18.35521755218506,5.256269448711601,10
maddpg,713,-21.31762456893921,5.932865501815593,10
maddpg,714,-18.52162103652954,5.214499678843773,10
maddpg,715,-20.618522548675536,6.118736977389231,10
maddpg,716,-17.541036128997803,4.209062083329025,10
maddpg,717,-19.51948709487915,3.5205037057255826,10
maddpg,718,-19.80193157196045,5.194392657203485,10
maddpg,719,-20.133675003051756,7.478442311115574,10
maddpg,720,-17.589278411865234,3.852601712084426,10
maddpg,721,-21.836540508270264,8.86182193477718,10
maddpg,722,-19.098171997070313,4.137693179844556,10
maddpg,723,-19.29859209060669,5.766452372641244,10
maddpg,724,-19.606371879577637,5.357988281394882,10
maddpg,725,-21.848504066467285,6.41753033140452,10
maddpg,726,-17.87031297683716,4.671718128698316,10
maddpg,727,-19.87184133529663,6.623819447281319,10
maddpg,728,-17.276113414764403,3.0997468049364296,10
maddpg,729,-19.96406145095825,5.879032833228881,10
maddpg,730,-17.996396255493163,2.9499629458672554,10
maddpg,731,-20.215706539154052,4.2833447757180965,10
maddpg,732,-20.159273052215575,4.034000859104178,10
maddpg,733,-21.37089776992798,3.607965633255742,10
maddpg,734,-15.363375854492187,3.983833305362137,10
maddpg,735,-18.05194969177246,3.2981277011310226,10
maddpg,736,-20.733914947509767,3.4252557548838545,10
maddpg,737,-20.17815113067627,6.25470293963815,10
maddpg,738,-17.65811433792114,3.9751704270035244,10
maddpg,739,-17.912440299987793,3.5491629947656023,10
maddpg,740,-18.675261116027833,5.539727592842821,10
maddpg,741,-21.635395050048828,6.670005976912736,10
maddpg,742,-18.41189079284668,2.8072299538066914,10
maddpg,743,-21.573365879058837,4.74756424762577,10
maddpg,744,-17.730110454559327,3.1796221721985725,10
maddpg,745,-21.59942846298218,6.904322033643457,10
maddpg,746,-17.51752634048462,3.1780404114362115,10
maddpg,747,-19.68610610961914,5.31890108332516,10
maddpg,748,-16.711106872558595,1.7659275458255543,10
maddpg,749,-20.024098014831544,3.2878657464312835,10
maddpg,750,-19.076441383361818,4.393967148762312,10
maddpg,751,-18.101703310012816,6.111235858465677,10
maddpg,752,-20.87787799835205,5.208490241209715,10
maddpg,753,-19.632422733306885,5.380544585402135,10
maddpg,754,-18.901876068115236,4.086746587600799,10
maddpg,755,-22.05314588546753,4.638146328396791,10
maddpg,756,-20.12025890350342,5.0982912865108,10
maddpg,757,-19.005195522308348,3.9707789746270485,10
maddpg,758,-19.937405586242676,5.451616141414471,10
maddpg,759,-21.710728073120116,3.7168744566014325,10
maddpg,760,-19.119660949707033,4.1391342113829435,10
maddpg,761,-22.38569574356079,6.927840784497773,10
maddpg,762,-18.39020700454712,2.0697630629707975,10
maddpg,763,-17.53619270324707,3.208193912966402,10
maddpg,764,-21.069916820526124,5.6666252779134,10
maddpg,765,-18.899432563781737,4.7516118222072565,10
maddpg,766,-18.786619472503663,3.080148581459727,10
maddpg,767,-17.63367395401001,3.4338731577480233,10
maddpg,768,-19.278649234771727,6.371131599119379,10
maddpg,769,-19.544170379638672,5.947136916724618,10
maddpg,770,-18.565576362609864,5.542591143974433,10
maddpg,771,-16.702902698516844,2.965946604854484,10
maddpg,772,-19.554654693603517,3.2057119710685877,10
maddpg,773,-17.464701557159422,4.568938428538922,10
maddpg,774,-19.11875686645508,5.877062189710641,10
maddpg,775,-21.72090616226196,6.454292733776455,10
maddpg,776,-20.88383083343506,6.05903860077373,10
maddpg,777,-20.944865894317626,6.069283850608904,10
maddpg,778,-18.998406887054443,5.3787364266012,10
maddpg,779,-19.034391593933105,5.877829805724146,10
maddpg,780,-21.605059719085695,7.4880781216929675,10
maddpg,781,-19.229551982879638,5.788364208870031,10
maddpg,782,-17.648623180389404,4.51565900288458,10
maddpg,783,-21.462092304229735,4.929906094490501,10
maddpg,784,-20.410930156707764,5.145371261209496,10
maddpg,785,-20.721975231170653,3.9241102889873813,10
maddpg,786,-18.9305908203125,4.463885918525438,10
maddpg,787,-21.566093349456786,5.726539548257241,10
maddpg,788,-18.57121992111206,3.089635203513241,10
maddpg,789,-19.253483009338378,4.612142735702345,10
maddpg,790,-19.432654476165773,3.400359283367055,10
maddpg,791,-18.315373611450195,6.768868098904317,10
maddpg,792,-18.03464756011963,4.960744348827076,10
maddpg,793,-20.396647453308105,6.73335125695579,10
maddpg,794,-18.153842735290528,5.627058653659611,10
maddpg,795,-19.704855728149415,4.410343159463129,10
maddpg,796,-21.726176834106447,3.4709478082894423,10
maddpg,797,-19.38753471374512,8.183310256166799,10
maddpg,798,-19.024008178710936,4.745803715881928,10
maddpg,799,-19.590049934387206,5.420631105926289,10
maddpg,800,-16.418483638763426,4.351748044233056,10
maddpg,801,-21.849055671691893,5.679843367128857,10
maddpg,802,-19.78765811920166,6.506120921297772,10
maddpg,803,-19.45253963470459,5.5891753487276254,10
maddpg,804,-19.564712238311767,4.61498628221967,10
maddpg,805,-20.515855026245116,4.068876439556912,10
maddpg,806,-18.689494800567626,4.3374807173899725,10
maddpg,807,-20.11302309036255,4.964727020970927,10
maddpg,808,-17.729080295562746,4.234660733209111,10
maddpg,809,-20.40303659439087,5.663093392698081,10
maddpg,810,-18.66646203994751,4.445206190642157,10
maddpg,811,-21.71875467300415,3.3865461821942437,10
maddpg,812,-20.617729949951173,5.587037777520618,10
maddpg,813,-19.85471134185791,3.7346864227884677,10
maddpg,814,-21.07359447479248,5.585602887765908,10
maddpg,815,-20.871528339385986,4.440698945742049,10
maddpg,816,-15.133640670776368,3.076631130643832,10
maddpg,817,-19.99943151473999,5.34542961373753,10
maddpg,818,-18.71135902404785,5.106846769729541,10
maddpg,819,-21.03857946395874,5.172777450625236,10
maddpg,820,-22.473747730255127,7.288613391434737,10
maddpg,821,-20.386913204193114,4.411553953410772,10
maddpg,822,-19.097562408447267,3.9064484847017176,10
maddpg,823,-19.7455584526062,5.121149403069641,10
maddpg,824,-23.145433330535887,9.124348939823765,10
maddpg,825,-21.736865520477295,5.722274479663454,10
maddpg,826,-20.49837245941162,6.36717147740025,10
maddpg,827,-20.076261138916017,5.148672069065863,10
maddpg,828,-16.333128261566163,4.252346598968308,10
maddpg,829,-20.538852310180665,4.290841970237159,10
maddpg,830,-21.514185619354247,6.866750729322485,10
maddpg,831,-19.154617977142333,4.566555307616515,10
maddpg,832,-19.110341358184815,4.502116000609943,10
maddpg,833,-20.416813087463378,4.662189217585363,10
maddpg,834,-19.472035503387453,4.1028246681590925,10
maddpg,835,-21.524635219573973,3.8954792475753464,10
maddpg,836,-19.324766063690184,4.378186732987942,10
maddpg,837,-23.232466411590575,5.225850701867387,10
maddpg,838,-16.95980911254883,4.251912427887004,10
maddpg,839,-21.47151622772217,6.472221116678741,10
maddpg,840,-19.70450782775879,4.686063205593488,10
maddpg,841,-20.660283851623536,5.410444959880915,10
maddpg,842,-16.682048511505126,4.047084383352168,10
maddpg,843,-24.61273021697998,4.579691618137952,10
maddpg,844,-19.64136896133423,6.001669614395524,10
maddpg,845,-19.386837863922118,3.8282447648005298,10
maddpg,846,-17.940209579467773,2.689540780835892,10
maddpg,847,-20.412699222564697,4.4827851599417,10
maddpg,848,-20.559814167022704,4.4512150320429615,10
maddpg,849,-18.23951530456543,4.248250960681789,10
maddpg,850,-21.81573076248169,4.508923480427057,10
maddpg,851,-20.920112323760986,5.182911537079156,10
maddpg,852,-17.72775297164917,5.128943620946742,10
maddpg,853,-21.520735836029054,5.256182118577742,10
maddpg,854,-18.13512544631958,5.153775884963917,10
maddpg,855,-17.911578369140624,4.102471169637187,10
maddpg,856,-18.748924922943115,5.626087888135011,10
maddpg,857,-18.501997470855713,6.030827474304502,10
maddpg,858,-21.02405834197998,4.104611854325155,10
maddpg,859,-20.16233558654785,4.405396553140407,10
maddpg,860,-21.16687994003296,5.575093759745653,10
maddpg,861,-19.44966812133789,4.304329563941824,10
maddpg,862,-18.5652174949646,4.06463615671863,10
maddpg,863,-18.960672187805176,5.665329326241487,10
maddpg,864,-17.81818962097168,3.749431311555703,10
maddpg,865,-20.0768253326416,4.900405600697152,10
maddpg,866,-19.19380350112915,4.287809908299444,10
maddpg,867,-20.374160480499267,12.016687883861088,10
maddpg,868,-22.69042682647705,4.483693601035037,10
maddpg,869,-20.47091703414917,4.335385768822891,10
maddpg,870,-17.621216773986816,3.9242231071500706,10
maddpg,871,-19.006378364562988,3.3319810120642437,10
maddpg,872,-18.23811855316162,5.050312742323107,10
maddpg,873,-20.40389938354492,4.0346724673244605,10
maddpg,874,-17.498462200164795,5.700223746519814,10
maddpg,875,-18.802373027801515,5.1010433027766835,10
maddpg,876,-17.860413551330566,3.3407276062875555,10
maddpg,877,-20.985129642486573,4.730346072760862,10
maddpg,878,-17.928021812438963,4.407591484764158,10
maddpg,879,-19.31654930114746,4.843939410225377,10
maddpg,880,-17.167422676086424,3.688288361285318,10
maddpg,881,-21.379853343963624,5.97292877080907,10
maddpg,882,-17.36197986602783,2.9368406673747813,10
maddpg,883,-20.684391975402832,5.077514025073313,10
maddpg,884,-19.15995349884033,3.0691135465884773,10
maddpg,885,-18.449129581451416,3.4754824718936344,10
maddpg,886,-17.09409341812134,2.8864655011118847,10
maddpg,887,-19.93049011230469,4.441326647593908,10
maddpg,888,-19.79092664718628,3.370426415194446,10
maddpg,889,-20.82800579071045,5.457339612749979,10
maddpg,890,-17.511495494842528,3.873227174819656,10
maddpg,891,-18.63076295852661,4.309918421848434,10
maddpg,892,-18.229788303375244,4.3513373858664055,10
maddpg,893,-21.2017071723938,5.345210581972717,10
maddpg,894,-18.955985736846923,4.975660416838794,10
maddpg,895,-21.35922327041626,6.199050918002822,10
maddpg,896,-18.810790538787842,3.8591049867801597,10
maddpg,897,-19.95447416305542,7.235124468133455,10
maddpg,898,-17.66372365951538,3.8305704171221304,10
maddpg,899,-20.94666519165039,4.346936946624412,10
maddpg,900,-16.86622085571289,3.4890348911182123,10
maddpg,901,-18.146573638916017,4.671477216530136,10
maddpg,902,-17.282721519470215,4.844248933239553,10
maddpg,903,-19.585064220428468,6.262302692651974,10
maddpg,904,-20.34155640602112,6.988730206855436,10
maddpg,905,-22.681064987182616,3.434641230412745,10
maddpg,906,-19.63703832626343,6.315935942434776,10
maddpg,907,-21.485340309143066,6.317454823425315,10
maddpg,908,-17.00566921234131,2.880751454348576,10
maddpg,909,-18.960822772979736,5.561893983403203,10
maddpg,910,-18.318447208404542,5.24728692365187,10
maddpg,911,-17.746236419677736,4.909916327234366,10
maddpg,912,-19.24725971221924,4.938152028080735,10
maddpg,913,-17.65710105895996,2.8780081626146834,10
maddpg,914,-19.66656847000122,4.5172692015638924,10
maddpg,915,-19.967302227020262,6.005851996595373,10
maddpg,916,-18.57759008407593,4.004463687961194,10
maddpg,917,-23.38680076599121,4.534660399427307,10
maddpg,918,-18.62494730949402,6.6350603379296205,10
maddpg,919,-18.549761486053466,7.3852918384399855,10
maddpg,920,-19.017279720306398,3.763105287691988,10
maddpg,921,-22.989351177215575,7.468012406648947,10
maddpg,922,-19.713313388824464,5.769632468084239,10
maddpg,923,-18.569779491424562,4.882079537298472,10
maddpg,924,-18.871777725219726,5.36750195262104,10
maddpg,925,-19.24948606491089,4.634047257099894,10
maddpg,926,-20.315803813934327,5.977485276052891,10
maddpg,927,-20.086778831481933,10.542820762181112,10
maddpg,928,-22.738311958312988,4.537375407435846,10
maddpg,929,-22.662793731689455,3.7400286798872364,10
maddpg,930,-18.35708055496216,7.645457610303404,10
maddpg,931,-17.580986309051514,6.667645106666109,10
maddpg,932,-21.302505588531496,4.202492063314174,10
maddpg,933,-22.922203063964844,8.849558936933803,10
maddpg,934,-20.17013692855835,4.568523317728576,10
maddpg,935,-19.25130672454834,5.514693280964447,10
maddpg,936,-19.232504463195802,6.123132286577727,10
maddpg,937,-18.679097652435303,7.123728624451704,10
maddpg,938,-20.202837657928466,6.267892904008498,10
maddpg,939,-18.55782060623169,7.6426162193637985,10
maddpg,940,-20.292613697052,6.885026744856384,10
maddpg,941,-20.997963619232177,8.06719839225671,10
maddpg,942,-17.22361001968384,4.486880021554044,10
maddpg,943,-19.76576681137085,4.59534325021732,10
maddpg,944,-19.848846244812012,5.859089430607115,10
maddpg,945,-20.630057430267335,5.531148120452414,10
maddpg,946,-18.80241451263428,5.483102854892787,10
maddpg,947,-17.912459564208984,4.7875444730812085,10
maddpg,948,-21.293357276916502,5.0550700704078855,10
maddpg,949,-19.098581981658935,5.674098061675384,10
maddpg,950,-20.205976963043213,5.006784081289308,10
maddpg,951,-17.4411581993103,4.167974411127744,10
maddpg,952,-21.603347492218017,9.143983405618833,10
maddpg,953,-19.23020248413086,4.257411414424492,10
maddpg,954,-18.809838676452635,5.888538100626923,10
maddpg,955,-20.31674337387085,6.196073135690843,10
maddpg,956,-20.39971809387207,3.456541856297973,10
maddpg,957,-20.158732604980468,5.081261886315974,10
maddpg,958,-19.267999935150147,4.119263454238843,10
maddpg,959,-18.555315017700195,3.8877563085685827,10
maddpg,960,-18.558683681488038,2.510418021461526,10
maddpg,961,-20.306772327423097,6.35311575808856,10
maddpg,962,-19.016436862945557,5.228919249998642,10
maddpg,963,-18.19786148071289,5.276931321423085,10
maddpg,964,-18.092874813079835,4.158171924961944,10
maddpg,965,-22.728769302368164,5.184326728800012,10
maddpg,966,-21.817224407196044,4.973278512061519,10
maddpg,967,-19.624132251739503,6.636710838863744,10
maddpg,968,-18.402227783203124,4.976141918883908,10
maddpg,969,-18.91084909439087,5.395762107048472,10
maddpg,970,-20.670989513397217,6.252250671822719,10
maddpg,971,-23.19512529373169,4.345371756140171,10
maddpg,972,-19.362454557418822,6.264864685079025,10
maddpg,973,-18.672045993804932,5.269080706214998,10
maddpg,974,-18.42403440475464,7.226278717197208,10
maddpg,975,-18.81195993423462,5.212528701081686,10
maddpg,976,-17.716744232177735,3.868874079216252,10
maddpg,977,-18.031369590759276,4.510129132111914,10
maddpg,978,-19.46665668487549,5.963718325639022,10
maddpg,979,-18.31953363418579,7.260408977321453,10
maddpg,980,-17.224548435211183,5.761173372000245,10
maddpg,981,-18.904381656646727,3.878222206141294,10
maddpg,982,-20.37301959991455,4.785619331291711,10
maddpg,983,-21.201594352722168,7.058459506753746,10
maddpg,984,-17.43277997970581,4.356864637299928,10
maddpg,985,-18.714794063568114,5.9284983612861515,10
maddpg,986,-18.547099590301514,4.623312562376201,10
maddpg,987,-20.079487228393553,3.6980993985659563,10
maddpg,988,-20.507378768920898,5.8855969272973985,10
maddpg,989,-18.716722297668458,4.5443210401271354,10
maddpg,990,-19.790228748321532,4.56795513782498,10
maddpg,991,-20.080189514160157,5.759362569577908,10
maddpg,992,-17.49447422027588,3.9141558256834426,10
maddpg,993,-20.065013217926026,5.720440957137211,10
maddpg,994,-22.17668762207031,4.582875572843513,10
maddpg,995,-19.761233806610107,5.272156546529785,10
maddpg,996,-19.289580726623534,5.619612972054937,10
maddpg,997,-19.23050727844238,3.6926941449224064,10
maddpg,998,-19.989223670959472,6.189741603384528,10
maddpg,999,-20.099561786651613,5.69102361354659,10
maddpg,1000,-15.555840015411377,4.457532905803978,10
independent_ddpg,1,-30.88318090438843,8.789607782041235,10
independent_ddpg,2,-26.835856628417968,7.1416960359304635,10
independent_ddpg,3,-29.087448120117188,6.131217121776412,10
independent_ddpg,4,-29.583588981628417,6.9897584238500245,10
independent_ddpg,5,-25.23528137207031,6.781646092063818,10
independent_ddpg,6,-29.941066932678222,5.429616572543791,10
independent_ddpg,7,-28.415018177032472,8.68834161931387,10
independent_ddpg,8,-25.92396116256714,9.699525993751031,10
independent_ddpg,9,-24.10266752243042,6.399356432240657,10
independent_ddpg,10,-30.155650520324706,8.075022944816821,10
independent_ddpg,11,-21.360968780517577,2.9191358905839864,10
independent_ddpg,12,-24.01076707839966,6.934870427192424,10
independent_ddpg,13,-29.643003463745117,7.2661792241174785,10
independent_ddpg,14,-29.018276023864747,7.23112732514653,10
independent_ddpg,15,-24.217434024810792,8.298208077748583,10
independent_ddpg,16,-25.842240428924562,8.730832068917222,10
independent_ddpg,17,-27.970013999938963,8.946795418654219,10
independent_ddpg,18,-27.496098136901857,8.53239981865958,10
independent_ddpg,19,-27.26476421356201,7.582522992689344,10
independent_ddpg,20,-23.186660766601562,5.529016065833251,10
independent_ddpg,21,-26.01398639678955,4.651789706759924,10
independent_ddpg,22,-33.21706047058105,10.070778279137189,10
independent_ddpg,23,-32.85167961120605,9.60041520737744,10
independent_ddpg,24,-42.30281105041504,12.194038858835981,10
independent_ddpg,25,-43.64752979278565,16.18615907781535,10
independent_ddpg,26,-40.90774078369141,16.605677060822458,10
independent_ddpg,27,-42.69448070526123,17.364836959194253,10
independent_ddpg,28,-36.54312648773193,10.687347231361455,10
independent_ddpg,29,-30.201440048217773,7.179202808307284,10
independent_ddpg,30,-31.933294105529786,9.30190852643274,10
independent_ddpg,31,-31.315778923034667,10.31604024024364,10
independent_ddpg,32,-37.12626628875732,17.459457223154462,10
independent_ddpg,33,-36.34208793640137,8.174147651289111,10
independent_ddpg,34,-31.663347053527833,7.406745194212784,10
independent_ddpg,35,-31.563458061218263,11.312688935038002,10
independent_ddpg,36,-35.42707538604736,10.894510015890658,10
independent_ddpg,37,-28.2334397315979,6.830472341152795,10
independent_ddpg,38,-38.27364444732666,15.842547477003098,10
independent_ddpg,39,-27.123436737060548,10.282127893914913,10
independent_ddpg,40,-31.43289451599121,9.621235804897879,10
independent_ddpg,41,-29.71000156402588,8.862815825665082,10
independent_ddpg,42,-34.793798828125,14.035436822380031,10
independent_ddpg,43,-31.09464626312256,13.586754713501263,10
independent_ddpg,44,-33.39737205505371,11.190087954942404,10
independent_ddpg,45,-26.26564474105835,6.413339573911919,10
independent_ddpg,46,-29.298127937316895,7.068333046229797,10
independent_ddpg,47,-31.223941993713378,10.628304188854345,10
independent_ddpg,48,-35.336788940429685,11.026981420361917,10
independent_ddpg,49,-28.40388650894165,13.372465085900185,10
independent_ddpg,50,-30.363585472106934,12.905704692513437,10
independent_ddpg,51,-37.6759557723999,14.405053759490428,10
independent_ddpg,52,-28.631428527832032,4.966874231658,10
independent_ddpg,53,-24.291842460632324,7.776037252791314,10
independent_ddpg,54,-35.458163261413574,18.787842335437702,10
independent_ddpg,55,-24.20833024978638,11.29896761707446,10
independent_ddpg,56,-28.846648597717284,9.464981638062126,10
independent_ddpg,57,-27.91648292541504,6.228572164227387,10
independent_ddpg,58,-31.868187141418456,11.22923451085192,10
independent_ddpg,59,-21.37942428588867,5.559548564532917,10
independent_ddpg,60,-24.855991935729982,6.816714665208204,10
independent_ddpg,61,-26.828431701660158,8.255123988400019,10
independent_ddpg,62,-30.8410493850708,9.480723849637835,10
independent_ddpg,63,-24.05839262008667,8.692152806419031,10
independent_ddpg,64,-24.174555587768555,10.229320598228172,10
independent_ddpg,65,-29.886013984680176,11.677725842405758,10
independent_ddpg,66,-30.414500427246093,6.875574949964729,10
independent_ddpg,67,-23.31806001663208,11.347606975073155,10
independent_ddpg,68,-36.628746795654294,15.475714451369994,10
independent_ddpg,69,-27.959010505676268,10.840890937617543,10
independent_ddpg,70,-24.463048362731932,8.545790990209888,10
independent_ddpg,71,-24.187453746795654,5.485590235366494,10
independent_ddpg,72,-23.595513916015626,6.330763040928038,10
independent_ddpg,73,-28.866397285461424,10.399245220516605,10
independent_ddpg,74,-26.38976707458496,6.07502781834992,10
independent_ddpg,75,-23.499423599243165,5.142394704252471,10
independent_ddpg,76,-24.845749187469483,7.053703833532922,10
independent_ddpg,77,-23.984580516815186,8.217702794786177,10
independent_ddpg,78,-25.255535125732422,5.023515240054265,10
independent_ddpg,79,-23.03989095687866,5.180249432854297,10
independent_ddpg,80,-29.127953720092773,8.36281481174561,10
independent_ddpg,81,-23.574797534942626,9.51387790764526,10
independent_ddpg,82,-26.300957679748535,7.252584629267223,10
independent_ddpg,83,-24.363239097595216,8.722481416033883,10
independent_ddpg,84,-23.211941146850585,4.531833259985498,10
independent_ddpg,85,-21.97845325469971,4.297196984282947,10
independent_ddpg,86,-26.8114577293396,9.993951490073892,10
independent_ddpg,87,-26.729727840423585,9.386269682648322,10
independent_ddpg,88,-26.377029991149904,6.3229665715722145,10
independent_ddpg,89,-23.841284656524657,8.692372486617835,10
independent_ddpg,90,-28.220666313171385,11.826854189052476,10
independent_ddpg,91,-24.621163272857665,8.2205801898821,10
independent_ddpg,92,-24.95367298126221,6.861470446835489,10
independent_ddpg,93,-23.36386947631836,5.336722973194703,10
independent_ddpg,94,-26.265621757507326,4.358114310884791,10
independent_ddpg,95,-21.482733058929444,6.702444152209521,10
independent_ddpg,96,-25.842955589294434,5.508577130602728,10
independent_ddpg,97,-23.267427825927733,7.664294971096957,10
independent_ddpg,98,-23.203348541259764,4.086624512853888,10
independent_ddpg,99,-24.157510185241698,7.451715450777233,10
independent_ddpg,100,-24.852353668212892,4.522617104645489,10
independent_ddpg,101,-24.28116445541382,6.4500809210154655,10
independent_ddpg,102,-21.41730480194092,4.4479435453031995,10
independent_ddpg,103,-23.805072784423828,9.052603239509693,10
independent_ddpg,104,-25.95531940460205,5.83563311850857,10
independent_ddpg,105,-20.681770896911623,6.1002014421108255,10
independent_ddpg,106,-20.700081539154052,3.9696635997845506,10
independent_ddpg,107,-24.318638706207274,6.645881018100936,10
independent_ddpg,108,-24.826994037628175,8.084673090329886,10
independent_ddpg,109,-22.931434154510498,5.07609236334516,10
independent_ddpg,110,-25.985958766937255,6.565340522209111,10
independent_ddpg,111,-23.53767147064209,7.441818034986657,10
independent_ddpg,112,-23.255991077423097,5.316435043153945,10
independent_ddpg,113,-24.28139810562134,9.404259173768722,10
independent_ddpg,114,-23.251033973693847,7.308812415798951,10
independent_ddpg,115,-20.166715908050538,4.807165429676247,10
independent_ddpg,116,-25.239968490600585,6.286446835459116,10
independent_ddpg,117,-24.76881456375122,5.440863372954244,10
independent_ddpg,118,-23.869261932373046,4.571687035186731,10
independent_ddpg,119,-22.206825733184814,5.4744766358170756,10
independent_ddpg,120,-24.626870536804198,7.702569898704581,10
independent_ddpg,121,-23.111739444732667,4.18747713559871,10
independent_ddpg,122,-22.343239402770998,4.3939420864336975,10
independent_ddpg,123,-24.354991722106934,5.822853664040774,10
independent_ddpg,124,-22.401354122161866,7.5532240894621685,10
independent_ddpg,125,-22.98058214187622,6.112364825705204,10
independent_ddpg,126,-23.77573251724243,5.932470131340846,10
independent_ddpg,127,-24.172593784332275,6.612690311887261,10
independent_ddpg,128,-26.450581550598145,6.449088570527151,10
independent_ddpg,129,-24.89185676574707,4.282258253254732,10
independent_ddpg,130,-26.35506772994995,5.941889178392671,10
independent_ddpg,131,-21.39693546295166,6.537751001279808,10
independent_ddpg,132,-20.513932514190675,5.885137924127299,10
independent_ddpg,133,-24.344026374816895,5.244827784265303,10
independent_ddpg,134,-24.392163467407226,5.150336607326417,10
independent_ddpg,135,-19.8888578414917,5.092146573459252,10
independent_ddpg,136,-22.25885143280029,4.542541472683324,10
independent_ddpg,137,-24.112945556640625,5.253639843434798,10
independent_ddpg,138,-23.08042116165161,5.81255200920194,10
independent_ddpg,139,-20.41334867477417,3.0146666461728087,10
independent_ddpg,140,-23.60371618270874,5.830240737472795,10
independent_ddpg,141,-18.850822353363036,4.047205503087397,10
independent_ddpg,142,-23.265996837615965,5.895638592116989,10
independent_ddpg,143,-21.132854843139647,5.63550470904731,10
independent_ddpg,144,-20.956255149841308,3.895363666296076,10
independent_ddpg,145,-21.87585029602051,7.195793043998943,10
independent_ddpg,146,-21.832892513275148,5.5080813513635,10
independent_ddpg,147,-22.18846139907837,5.209979462268341,10
independent_ddpg,148,-23.99751567840576,6.029577062396061,10
independent_ddpg,149,-24.811269569396973,7.089708975221394,10
independent_ddpg,150,-21.24654550552368,5.18409597940077,10
independent_ddpg,151,-24.398434448242188,8.987659375691758,10
independent_ddpg,152,-24.692346382141114,4.298991947948034,10
independent_ddpg,153,-21.733746433258055,5.249155469737578,10
independent_ddpg,154,-22.03670358657837,7.607257842595853,10
independent_ddpg,155,-21.09116907119751,4.839647814130172,10
independent_ddpg,156,-22.65061225891113,4.694377100174153,10
independent_ddpg,157,-23.840080356597902,6.579025399083048,10
independent_ddpg,158,-18.95912389755249,4.5117771248878284,10
independent_ddpg,159,-22.938965320587158,7.675369489057975,10
independent_ddpg,160,-22.056113719940186,5.711649509562592,10
independent_ddpg,161,-21.7561897277832,5.988881167516615,10
independent_ddpg,162,-23.41642951965332,4.32830234164818,10
independent_ddpg,163,-23.890739822387694,3.3072194920613605,10
independent_ddpg,164,-21.939009284973146,6.328635325829931,10
independent_ddpg,165,-21.538096332550047,4.536104597689324,10
independent_ddpg,166,-21.617257595062256,5.973912446498411,10
independent_ddpg,167,-24.424539661407472,5.390594250024911,10
independent_ddpg,168,-25.466272354125977,5.946450088142207,10
independent_ddpg,169,-22.465393352508546,6.1986215682703705,10
independent_ddpg,170,-19.352570056915283,5.518059223344471,10
independent_ddpg,171,-23.292278385162355,5.465685383529429,10
independent_ddpg,172,-23.15316219329834,7.214319375943405,10
independent_ddpg,173,-21.41022310256958,4.761581504777749,10
independent_ddpg,174,-23.15262966156006,4.3326223317096515,10
independent_ddpg,175,-20.392539978027344,4.764337022718647,10
independent_ddpg,176,-23.388517761230467,4.283748611973325,10
independent_ddpg,177,-23.38409309387207,2.6750145025673597,10
independent_ddpg,178,-22.51120719909668,7.230820060031606,10
independent_ddpg,179,-22.659263134002686,4.8266189640469195,10
independent_ddpg,180,-20.480075645446778,2.633955512434788,10
independent_ddpg,181,-18.384789085388185,5.6502497601114365,10
independent_ddpg,182,-19.87065486907959,5.355216130752056,10
independent_ddpg,183,-22.467070388793946,3.2289479769574565,10
independent_ddpg,184,-23.21647138595581,3.752693592276783,10
independent_ddpg,185,-20.451115798950195,5.531614578055125,10
independent_ddpg,186,-21.397065830230712,4.988363056768935,10
independent_ddpg,187,-24.674682426452637,3.477329314998197,10
independent_ddpg,188,-24.82961835861206,4.730734661340901,10
independent_ddpg,189,-21.17080726623535,5.255752694363809,10
independent_ddpg,190,-21.80518913269043,4.408267460162769,10
independent_ddpg,191,-21.5924430847168,5.01035866258276,10
independent_ddpg,192,-20.26354560852051,5.425878911259203,10
independent_ddpg,193,-21.588134384155275,3.837632486270817,10
independent_ddpg,194,-20.995334243774415,3.4203555150425298,10
independent_ddpg,195,-21.914852333068847,5.772755245111588,10
independent_ddpg,196,-21.427219295501708,6.530472509283944,10
independent_ddpg,197,-21.24236297607422,3.111579695645582,10
independent_ddpg,198,-21.371037483215332,5.2120637904732074,10
independent_ddpg,199,-20.98503122329712,4.638647785519674,10
independent_ddpg,200,-21.89774808883667,4.77972638132173,10
independent_ddpg,201,-22.605907917022705,4.173281922674491,10
independent_ddpg,202,-21.671430110931396,6.525543354314843,10
independent_ddpg,203,-22.82022695541382,4.270356008286011,10
independent_ddpg,204,-21.17485303878784,3.9968874278238946,10
independent_ddpg,205,-20.93498773574829,5.559893954597435,10
independent_ddpg,206,-25.26184997558594,7.236218295816364,10
independent_ddpg,207,-21.515390968322755,5.137225951209884,10
independent_ddpg,208,-19.781371879577637,4.591147291266224,10
independent_ddpg,209,-20.422100734710693,3.0619653690490485,10
independent_ddpg,210,-21.81278266906738,6.342338873857132,10
independent_ddpg,211,-21.802913093566893,3.632620456458863,10
independent_ddpg,212,-21.630324840545654,7.738376780009143,10
independent_ddpg,213,-21.6411883354187,5.661288220960472,10
independent_ddpg,214,-20.587702178955077,4.322947420633783,10
independent_ddpg,215,-20.729751682281496,4.6814902656575965,10
independent_ddpg,216,-19.47201681137085,4.093692425465225,10
independent_ddpg,217,-21.697779369354247,4.300077072500066,10
independent_ddpg,218,-23.630305671691893,5.814573268072325,10
independent_ddpg,219,-18.66749496459961,2.7695496004279248,10
independent_ddpg,220,-21.16431589126587,7.514872349336407,10
independent_ddpg,221,-25.129261207580566,8.520310118420644,10
independent_ddpg,222,-23.099532222747804,3.64160155336078,10
independent_ddpg,223,-19.837030792236327,4.399638733979642,10
independent_ddpg,224,-24.775877952575684,6.020115750411393,10
independent_ddpg,225,-18.156828308105467,5.516660126223566,10
independent_ddpg,226,-19.903024196624756,5.139691875966307,10
independent_ddpg,227,-20.606091499328613,4.84215595041026,10
independent_ddpg,228,-22.010275650024415,3.7940674325158725,10
independent_ddpg,229,-20.491297340393068,4.942748054950684,10
independent_ddpg,230,-21.59345636367798,6.18568863737347,10
independent_ddpg,231,-20.837375259399415,4.95175531579731,10
independent_ddpg,232,-19.96627359390259,4.640100000257743,10
independent_ddpg,233,-18.964178371429444,2.9182711577151617,10
independent_ddpg,234,-21.55163459777832,6.719771864880067,10
independent_ddpg,235,-25.645802879333495,6.267205757607948,10
independent_ddpg,236,-21.74647789001465,5.6315981160089095,10
independent_ddpg,237,-17.676346015930175,3.503543010327446,10
independent_ddpg,238,-20.509553718566895,4.023392376867304,10
independent_ddpg,239,-22.84933967590332,5.7940002657683065,10
independent_ddpg,240,-20.827127838134764,3.080429502972881,10
independent_ddpg,241,-19.58862476348877,4.250857275865889,10
independent_ddpg,242,-19.618709754943847,7.066420540561299,10
independent_ddpg,243,-16.58085618019104,6.091951483325023,10
independent_ddpg,244,-22.925272274017335,4.7692456271536585,10
independent_ddpg,245,-19.394867134094238,5.589158893442316,10
independent_ddpg,246,-21.344319915771486,5.149684596710029,10
independent_ddpg,247,-20.67605504989624,6.343007073310476,10
independent_ddpg,248,-19.843120193481447,4.909731628417024,10
independent_ddpg,249,-20.31377992630005,5.055893956506396,10
independent_ddpg,250,-19.347578239440917,5.507074457093944,10
independent_ddpg,251,-21.74612693786621,6.461414879046351,10
independent_ddpg,252,-21.237021255493165,6.602581858353251,10
independent_ddpg,253,-24.037658596038817,8.216320513245241,10
independent_ddpg,254,-19.499902534484864,5.747673861466279,10
independent_ddpg,255,-17.773131275177,4.118291767163072,10
independent_ddpg,256,-19.963919353485107,5.0800178865023495,10
independent_ddpg,257,-20.958659648895264,5.1217507543471115,10
independent_ddpg,258,-19.28823528289795,4.268788307750129,10
independent_ddpg,259,-20.527993774414064,5.192973894319772,10
independent_ddpg,260,-19.301253700256346,5.452264524053599,10
independent_ddpg,261,-23.362750911712645,4.460931173458435,10
independent_ddpg,262,-19.460295963287354,6.821610331814458,10
independent_ddpg,263,-21.462596130371093,5.940743197821048,10
independent_ddpg,264,-19.409825706481932,4.360568535381688,10
independent_ddpg,265,-21.421281814575195,7.707325817640268,10
independent_ddpg,266,-17.707463455200195,6.970635237621437,10
independent_ddpg,267,-21.753353309631347,5.74769138709633,10
independent_ddpg,268,-21.676255226135254,4.185743144427511,10
independent_ddpg,269,-19.950451564788818,4.210384395786941,10
independent_ddpg,270,-19.652394485473632,7.691392429337748,10
independent_ddpg,271,-21.364208030700684,4.965610368353725,10
independent_ddpg,272,-19.16667022705078,4.9758708954247295,10
independent_ddpg,273,-21.582398414611816,5.16148748330202,10
independent_ddpg,274,-19.065258407592772,4.758494894848634,10
independent_ddpg,275,-21.864316368103026,7.2307885001679555,10
independent_ddpg,276,-23.854390621185303,6.926159145430381,10
independent_ddpg,277,-19.78988571166992,5.613692876724412,10
independent_ddpg,278,-18.036498928070067,6.957394484844758,10
independent_ddpg,279,-20.710086250305174,4.817192410527428,10
independent_ddpg,280,-22.60324592590332,5.70401970556314,10
independent_ddpg,281,-21.468545627593993,5.731815540231321,10
independent_ddpg,282,-20.032068824768068,6.148735824340343,10
independent_ddpg,283,-21.681081676483153,5.842066114375587,10
independent_ddpg,284,-24.02103328704834,5.993147064864472,10
independent_ddpg,285,-21.13197078704834,5.666194573202073,10
independent_ddpg,286,-17.77258892059326,4.564737845176474,10
independent_ddpg,287,-23.32577314376831,4.160416961071263,10
independent_ddpg,288,-21.917432594299317,5.5552819235290345,10
independent_ddpg,289,-21.387783145904542,5.655192337388617,10
independent_ddpg,290,-16.432197284698486,5.201258554291478,10
independent_ddpg,291,-21.478992462158203,4.850227637696149,10
independent_ddpg,292,-18.326408481597902,4.677094677257691,10
independent_ddpg,293,-23.653433990478515,5.381882342550203,10
independent_ddpg,294,-21.264750957489014,6.398071240077278,10
independent_ddpg,295,-19.593154430389404,4.572383011888134,10
independent_ddpg,296,-20.937019062042236,6.396940342383577,10
independent_ddpg,297,-22.329169082641602,5.195010060018836,10
independent_ddpg,298,-16.682164669036865,5.353002812760898,10
independent_ddpg,299,-20.400149631500245,5.686565905175134,10
independent_ddpg,300,-19.91293020248413,6.479330112774014,10
independent_ddpg,301,-22.624181842803956,4.465203703784176,10
independent_ddpg,302,-21.576746273040772,8.207883919256318,10
independent_ddpg,303,-18.34665365219116,5.424829486119615,10
independent_ddpg,304,-20.79164810180664,6.90307209672335,10
independent_ddpg,305,-21.51494073867798,7.072403921344959,10
independent_ddpg,306,-20.85700979232788,5.036485261012757,10
independent_ddpg,307,-21.84283037185669,4.864098012980393,10
independent_ddpg,308,-21.238038635253908,8.549358252879275,10
independent_ddpg,309,-22.871405029296874,4.863329799021155,10
independent_ddpg,310,-21.738523769378663,5.58288887090765,10
independent_ddpg,311,-22.212516212463377,5.791319676984483,10
independent_ddpg,312,-22.297744941711425,6.427721441189562,10
independent_ddpg,313,-20.49201774597168,5.531655420014137,10
independent_ddpg,314,-20.9790997505188,7.228002298762137,10
independent_ddpg,315,-22.117497158050536,5.161067704163143,10
independent_ddpg,316,-18.365873336791992,2.7760506390706023,10
independent_ddpg,317,-20.021663475036622,6.245402840028128,10
independent_ddpg,318,-19.19424114227295,3.183920722043916,10
independent_ddpg,319,-22.343781661987304,4.064067708341408,10
independent_ddpg,320,-21.077199172973632,4.34119384196548,10
independent_ddpg,321,-21.432725811004637,6.046901754704374,10
independent_ddpg,322,-22.07892436981201,4.358579724830924,10
independent_ddpg,323,-20.7790566444397,5.413563362651899,10
independent_ddpg,324,-18.76085147857666,3.207493891906775,10
independent_ddpg,325,-19.52715187072754,6.38207489470141,10
independent_ddpg,326,-18.85042724609375,5.894120777226905,10
independent_ddpg,327,-21.867741107940674,5.57775812469485,10
independent_ddpg,328,-22.857593536376953,3.54533460342251,10
independent_ddpg,329,-17.23970470428467,5.642676095654375,10
independent_ddpg,330,-20.1557936668396,2.816988848058055,10
independent_ddpg,331,-20.987342739105223,4.888760347538569,10
independent_ddpg,332,-23.420717906951904,5.1560823528112385,10
independent_ddpg,333,-17.707890033721924,5.744556907160217,10
independent_ddpg,334,-20.40857572555542,3.7584503189868923,10
independent_ddpg,335,-21.30363264083862,5.320264466128936,10
independent_ddpg,336,-19.127468585968018,5.3576503449674275,10
independent_ddpg,337,-17.224805736541747,4.950021863005591,10
independent_ddpg,338,-18.611540508270263,5.100109812797273,10
independent_ddpg,339,-20.941746997833253,4.721640006714665,10
independent_ddpg,340,-22.465020656585693,4.696252330813458,10
independent_ddpg,341,-21.758875942230226,4.683679529624188,10
independent_ddpg,342,-21.681066226959228,4.615917314695155,10
independent_ddpg,343,-21.040947914123535,7.831429380484311,10
independent_ddpg,344,-19.81742343902588,2.3783807839830944,10
independent_ddpg,345,-19.589081954956054,5.852209204535507,10
independent_ddpg,346,-22.322376918792724,6.513875325222597,10
independent_ddpg,347,-19.408365726470947,5.249724983654689,10
independent_ddpg,348,-22.383821392059325,5.132572306939896,10
independent_ddpg,349,-20.688938045501708,6.178231272435141,10
independent_ddpg,350,-19.214220905303954,4.759312916177442,10
independent_ddpg,351,-20.551951122283935,4.530450900465049,10
independent_ddpg,352,-21.403820419311522,4.995301618896472,10
independent_ddpg,353,-22.19208812713623,6.117223018990927,10
independent_ddpg,354,-20.571828746795653,5.989741187167177,10
independent_ddpg,355,-19.707898712158205,3.737266307164612,10
independent_ddpg,356,-23.114079761505128,6.4137346476086154,10
independent_ddpg,357,-22.087083721160887,7.8835656409509065,10
independent_ddpg,358,-20.12063331604004,5.905659321216722,10
independent_ddpg,359,-17.80014705657959,4.480155682692466,10
independent_ddpg,360,-20.222272872924805,5.237941951602988,10
independent_ddpg,361,-23.7789608001709,9.163969508377676,10
independent_ddpg,362,-23.267712211608888,5.405517165476061,10
independent_ddpg,363,-20.444778156280517,7.489869316130562,10
independent_ddpg,364,-20.0215633392334,4.168800557243943,10
independent_ddpg,365,-19.5703143119812,5.012902063263353,10
independent_ddpg,366,-21.571391677856447,4.156490479506334,10
independent_ddpg,367,-22.558800411224365,7.024926108359927,10
independent_ddpg,368,-19.883656215667724,3.595480774574755,10
independent_ddpg,369,-21.207577514648438,7.787190018015876,10
independent_ddpg,370,-20.588332843780517,4.360500222587448,10
independent_ddpg,371,-21.68421850204468,4.687373097115743,10
independent_ddpg,372,-22.305106258392335,5.01287493334042,10
independent_ddpg,373,-21.92210636138916,6.6960125421182966,10
independent_ddpg,374,-20.997701168060303,4.845863908803634,10
independent_ddpg,375,-23.114180278778075,5.548933614388219,10
independent_ddpg,376,-21.73656463623047,5.275088219118282,10
independent_ddpg,377,-20.07871675491333,5.675970611792722,10
independent_ddpg,378,-20.099057102203368,4.166528509316498,10
independent_ddpg,379,-20.26222801208496,6.046026535674833,10
independent_ddpg,380,-20.494314193725586,5.275424883866604,10
independent_ddpg,381,-20.120088005065917,5.5555149417178855,10
independent_ddpg,382,-21.826286697387694,6.367450144856487,10
independent_ddpg,383,-20.141138362884522,6.220486100357139,10
independent_ddpg,384,-21.48756046295166,3.6155141552328343,10
independent_ddpg,385,-20.818630599975585,4.542570903589076,10
independent_ddpg,386,-20.083014297485352,4.272568553065515,10
independent_ddpg,387,-20.888025856018068,6.643313918142852,10
independent_ddpg,388,-21.35384645462036,2.693978041684369,10
independent_ddpg,389,-19.90303955078125,3.820473199364171,10
independent_ddpg,390,-20.167852020263673,6.07023152240472,10
independent_ddpg,391,-21.20440731048584,2.9836921768533595,10
independent_ddpg,392,-19.457878398895264,3.733324304097198,10
independent_ddpg,393,-18.786526584625243,4.200715778103974,10
independent_ddpg,394,-19.356818675994873,4.512904072888843,10
independent_ddpg,395,-21.814277362823486,4.7235895031234865,10
independent_ddpg,396,-20.355829906463622,4.51508837017414,10
independent_ddpg,397,-21.710118770599365,5.204451006083215,10
independent_ddpg,398,-21.393389320373537,4.363213921333185,10
independent_ddpg,399,-22.69383363723755,4.200936069873594,10
independent_ddpg,400,-18.140506553649903,6.481623161246147,10
independent_ddpg,401,-20.818924522399904,4.395781587526558,10
independent_ddpg,402,-22.481008338928223,6.004718712925582,10
independent_ddpg,403,-20.228357601165772,5.118688388490917,10
independent_ddpg,404,-19.762700176239015,3.2532474814729544,10
independent_ddpg,405,-19.965510749816893,4.041036829728076,10
independent_ddpg,406,-20.49845027923584,6.45529727172032,10
independent_ddpg,407,-19.58571481704712,3.580145724309684,10
independent_ddpg,408,-18.41706476211548,4.064576799561901,10
independent_ddpg,409,-21.084544467926026,3.939802345121275,10
independent_ddpg,410,-20.414927101135255,5.494934021184491,10
independent_ddpg,411,-21.323748207092287,2.846551052229486,10
independent_ddpg,412,-23.988526821136475,6.300022123156822,10
independent_ddpg,413,-19.536780166625977,5.31593031323457,10
independent_ddpg,414,-19.852596855163576,4.712815676889448,10
independent_ddpg,415,-21.339053058624266,4.981289019899332,10
independent_ddpg,416,-19.632516288757323,3.007612692180111,10
independent_ddpg,417,-21.341197967529297,3.5516066899339833,10
independent_ddpg,418,-18.971568012237547,4.269469022462408,10
independent_ddpg,419,-18.895195102691652,3.58657666315843,10
independent_ddpg,420,-19.289643573760987,5.3416863318498455,10
independent_ddpg,421,-20.78024320602417,4.018014922859644,10
independent_ddpg,422,-21.35005416870117,4.776604428576195,10
independent_ddpg,423,-19.931138134002687,4.278411888067728,10
independent_ddpg,424,-20.0467529296875,3.9887454936047315,10
independent_ddpg,425,-20.02692937850952,3.4790834955464334,10
independent_ddpg,426,-18.2729133605957,5.038027527733559,10
independent_ddpg,427,-18.57199192047119,3.5872890137324362,10
independent_ddpg,428,-18.452458095550536,4.662464129411675,10
independent_ddpg,429,-18.566145133972167,2.592589786748423,10
independent_ddpg,430,-19.986113929748534,3.6483566799211964,10
independent_ddpg,431,-21.46505832672119,2.7462436322097723,10
independent_ddpg,432,-21.865347957611085,5.174305162034284,10
independent_ddpg,433,-18.984895420074462,4.206188040219571,10
independent_ddpg,434,-18.365948009490968,3.4956196470740744,10
independent_ddpg,435,-21.095177745819093,4.029862460248288,10
independent_ddpg,436,-18.039116764068602,5.193048246284611,10
independent_ddpg,437,-18.73525199890137,3.1397088817164622,10
independent_ddpg,438,-21.713157749176027,5.307259542728097,10
independent_ddpg,439,-23.329837036132812,7.301173152927338,10
independent_ddpg,440,-19.591114711761474,5.577299436194227,10
independent_ddpg,441,-19.871167945861817,2.98334402764763,10
independent_ddpg,442,-19.034848785400392,5.16361586360619,10
independent_ddpg,443,-20.345845890045165,4.771280711825393,10
independent_ddpg,444,-16.92906618118286,4.481756983452939,10
independent_ddpg,445,-19.817903518676758,1.398262922100241,10
independent_ddpg,446,-18.76918544769287,7.450754278298728,10
independent_ddpg,447,-20.248679828643798,2.9680122145831507,10
independent_ddpg,448,-18.544321823120118,4.184014953691016,10
independent_ddpg,449,-19.39305353164673,2.8248923682521836,10
independent_ddpg,450,-21.846954536437988,5.027456683818646,10
independent_ddpg,451,-19.99066219329834,4.178735904358557,10
independent_ddpg,452,-16.08434705734253,4.646016032377851,10
independent_ddpg,453,-22.234734344482423,4.419505430970435,10
independent_ddpg,454,-17.21732587814331,2.7429501252723667,10
independent_ddpg,455,-18.47102975845337,4.919746910551693,10
independent_ddpg,456,-19.420564270019533,5.016311807486283,10
independent_ddpg,457,-20.92010669708252,4.831481590165841,10
independent_ddpg,458,-19.929461097717287,6.129516163897505,10
independent_ddpg,459,-18.60163459777832,3.430860103856128,10
independent_ddpg,460,-17.345683574676514,5.394800507030594,10
independent_ddpg,461,-19.934349536895752,4.374805327834789,10
independent_ddpg,462,-20.134315967559814,4.090290820699346,10
independent_ddpg,463,-18.120680713653563,3.979530520139276,10
independent_ddpg,464,-19.55111608505249,6.2647817030887785,10
independent_ddpg,465,-20.294004917144775,4.134717830282114,10
independent_ddpg,466,-18.84619197845459,5.2286978770790045,10
independent_ddpg,467,-20.022048664093017,4.610383774175002,10
independent_ddpg,468,-19.430202579498292,4.557383775632518,10
independent_ddpg,469,-20.841579341888426,5.442805672250293,10
independent_ddpg,470,-16.958171081542968,3.152283093415405,10
independent_ddpg,471,-19.431148052215576,5.771463232507095,10
independent_ddpg,472,-18.326654148101806,4.023343217504608,10
independent_ddpg,473,-19.875701713562012,5.058243592345089,10
independent_ddpg,474,-17.238546466827394,3.657690075801692,10
independent_ddpg,475,-21.234766578674318,5.231169469111004,10
independent_ddpg,476,-21.067537021636962,6.848285471312464,10
independent_ddpg,477,-18.712013912200927,3.8754813301680526,10
independent_ddpg,478,-17.68757610321045,4.485167657138919,10
independent_ddpg,479,-18.505625247955322,3.5438160348334815,10
independent_ddpg,480,-20.117160511016845,4.094061424151369,10
independent_ddpg,481,-19.20337791442871,2.1340255944108213,10
independent_ddpg,482,-21.250140285491945,6.547868336030486,10
independent_ddpg,483,-19.434336280822755,6.924596055350042,10
independent_ddpg,484,-20.979898929595947,5.040403507735164,10
independent_ddpg,485,-21.098415756225585,5.224303553775552,10
independent_ddpg,486,-18.321604537963868,5.196382891150232,10
independent_ddpg,487,-21.112053680419923,4.413617871349422,10
independent_ddpg,488,-20.55298318862915,4.954464011736917,10
independent_ddpg,489,-21.666009998321535,6.048556545761434,10
independent_ddpg,490,-20.042914485931398,3.871294856408033,10
independent_ddpg,491,-18.732793235778807,4.088564289412525,10
independent_ddpg,492,-20.258046340942382,5.772037589869148,10
independent_ddpg,493,-19.924332523345946,3.2584448379868416,10
independent_ddpg,494,-18.547017288208007,5.208430018010571,10
independent_ddpg,495,-19.81543884277344,4.337844398157994,10
independent_ddpg,496,-19.744785690307616,4.491386048627921,10
independent_ddpg,497,-19.684799098968504,3.887078479818032,10
independent_ddpg,498,-19.939506340026856,5.764536047730148,10
independent_ddpg,499,-20.86358060836792,4.436690996265603,10
independent_ddpg,500,-21.738061904907227,4.495291401322632,10
independent_ddpg,501,-18.721912479400636,6.747667497864377,10
independent_ddpg,502,-20.0549635887146,4.981062387347735,10
independent_ddpg,503,-17.76574068069458,4.410669113187878,10
independent_ddpg,504,-22.080454063415527,3.12175560646471,10
independent_ddpg,505,-22.067492771148682,5.032056221042221,10
independent_ddpg,506,-20.845698833465576,5.149523876875347,10
independent_ddpg,507,-19.458487129211427,1.7071294025396917,10
independent_ddpg,508,-20.759283828735352,6.886156599051488,10
independent_ddpg,509,-19.31463279724121,5.23813916068249,10
independent_ddpg,510,-19.320459842681885,4.207613600109569,10
independent_ddpg,511,-18.557862567901612,4.302862345614006,10
independent_ddpg,512,-19.761013507843018,4.775380192815146,10
independent_ddpg,513,-18.35847864151001,4.792685358164144,10
independent_ddpg,514,-19.35238161087036,5.649191479743387,10
independent_ddpg,515,-19.47239294052124,5.178851276559538,10
independent_ddpg,516,-20.775619316101075,5.468165574570436,10
independent_ddpg,517,-18.32327241897583,4.431216136207404,10
independent_ddpg,518,-18.36659154891968,3.8835756076451435,10
independent_ddpg,519,-18.788370037078856,6.11882967610641,10
independent_ddpg,520,-18.830814838409424,5.266223133777038,10
independent_ddpg,521,-19.28202352523804,2.775233233434156,10
independent_ddpg,522,-20.715348148345946,5.456634409875224,10
independent_ddpg,523,-18.75469751358032,5.409675370154699,10
independent_ddpg,524,-18.434921264648438,5.109222414806292,10
independent_ddpg,525,-17.373421287536623,5.343678023753166,10
independent_ddpg,526,-18.782704830169678,3.255954930324519,10
independent_ddpg,527,-18.703553104400633,4.211725046220073,10
independent_ddpg,528,-22.21034049987793,5.0162539348277395,10
independent_ddpg,529,-18.927933979034425,4.008639299841166,10
independent_ddpg,530,-20.071671772003175,3.9011312513353653,10
independent_ddpg,531,-19.266753005981446,5.325904462599387,10
independent_ddpg,532,-18.624883079528807,5.531188695734594,10
independent_ddpg,533,-19.481598949432374,5.401203332569367,10
independent_ddpg,534,-21.810278701782227,5.735484676720089,10
independent_ddpg,535,-17.257728004455565,7.186277660830956,10
independent_ddpg,536,-19.77150297164917,3.64910965958513,10
independent_ddpg,537,-18.6174259185791,5.720555698173383,10
independent_ddpg,538,-21.68800859451294,4.188846571426336,10
independent_ddpg,539,-18.53811378479004,4.136344128961748,10
independent_ddpg,540,-19.95081548690796,6.19253553593422,10
independent_ddpg,541,-18.58751735687256,4.4205816257414225,10
independent_ddpg,542,-19.759243297576905,4.9909018715906805,10
independent_ddpg,543,-18.231088066101073,4.22611300984412,10
independent_ddpg,544,-20.260121631622315,4.355124957311312,10
independent_ddpg,545,-18.128708839416504,5.937849409854587,10
independent_ddpg,546,-18.63469524383545,3.628289023745893,10
independent_ddpg,547,-21.24538698196411,6.104198231696959,10
independent_ddpg,548,-19.12648477554321,3.9867781969113376,10
independent_ddpg,549,-20.001260662078856,5.613443998033281,10
independent_ddpg,550,-19.259611415863038,4.390252460520533,10
independent_ddpg,551,-18.450902652740478,4.156734137186473,10
independent_ddpg,552,-20.240846633911133,5.800507691429015,10
independent_ddpg,553,-19.80672769546509,5.355858911457958,10
independent_ddpg,554,-19.18252477645874,3.443009908579169,10
independent_ddpg,555,-21.072145462036133,5.41390684947148,10
independent_ddpg,556,-20.29249963760376,6.067984124847741,10
independent_ddpg,557,-18.101106452941895,4.105390901696247,10
independent_ddpg,558,-20.90147705078125,5.109625719390475,10
independent_ddpg,559,-17.93956995010376,3.74796988800382,10
independent_ddpg,560,-20.343203830718995,3.4815014043779864,10
independent_ddpg,561,-20.001976203918456,5.915295597054843,10
independent_ddpg,562,-17.537966442108154,3.2759916471870403,10
independent_ddpg,563,-19.162753963470458,4.990670913017549,10
independent_ddpg,564,-19.36835813522339,3.6504904979668353,10
independent_ddpg,565,-20.051182174682616,4.710299178671197,10
independent_ddpg,566,-18.169983291625975,3.4410598688308958,10
independent_ddpg,567,-19.696685791015625,4.724487060603939,10
independent_ddpg,568,-20.529193496704103,3.2427179186853268,10
independent_ddpg,569,-17.01790428161621,6.412815187662047,10
independent_ddpg,570,-19.91580457687378,2.824320002631482,10
independent_ddpg,571,-17.343919372558595,4.040574745676828,10
independent_ddpg,572,-17.745087909698487,4.12940965958799,10
independent_ddpg,573,-19.270000171661376,4.297390771293249,10
independent_ddpg,574,-20.103047180175782,4.541626379852085,10
independent_ddpg,575,-19.336682891845705,4.477365618260813,10
independent_ddpg,576,-19.379766941070557,6.804155046732765,10
independent_ddpg,577,-21.071042442321776,6.24422034420035,10
independent_ddpg,578,-25.091208267211915,4.32785752925391,10
independent_ddpg,579,-19.398363876342774,5.77833932883757,10
independent_ddpg,580,-20.265960216522217,4.543489265047689,10
independent_ddpg,581,-20.52193651199341,6.570979270806653,10
independent_ddpg,582,-18.31847505569458,4.36802485619062,10
independent_ddpg,583,-22.04728260040283,4.221900631305013,10
independent_ddpg,584,-20.52096815109253,4.498235265111891,10
independent_ddpg,585,-21.510699844360353,4.961968385532446,10
independent_ddpg,586,-25.990889835357667,7.699429420400068,10
independent_ddpg,587,-17.538784885406493,4.728703070875141,10
independent_ddpg,588,-21.204409885406495,5.134394058505875,10
independent_ddpg,589,-21.85050163269043,4.164186267681931,10
independent_ddpg,590,-20.27298593521118,4.3100988405817775,10
independent_ddpg,591,-19.55064630508423,4.769015833202183,10
independent_ddpg,592,-20.495957851409912,4.24469008452918,10
independent_ddpg,593,-20.707659435272216,2.7791919236029528,10
independent_ddpg,594,-17.995454597473145,3.3887647105864724,10
independent_ddpg,595,-19.518604850769044,5.861941573191453,10
independent_ddpg,596,-20.27190570831299,5.931900841650928,10
independent_ddpg,597,-17.766804027557374,5.289532979854635,10
independent_ddpg,598,-19.133321380615236,3.645848764825883,10
independent_ddpg,599,-18.900627040863036,3.6299254390523683,10
independent_ddpg,600,-19.689630031585693,4.403202175374715,10
independent_ddpg,601,-20.689522171020506,2.246460078363941,10
independent_ddpg,602,-18.264163875579833,3.103062018970599,10
independent_ddpg,603,-19.82187614440918,4.4573177173427405,10
independent_ddpg,604,-20.99589033126831,6.9535293453683344,10
independent_ddpg,605,-20.543111038208007,5.897833758117295,10
independent_ddpg,606,-19.12721872329712,4.336139361820426,10
independent_ddpg,607,-17.719057273864745,4.081822235130617,10
independent_ddpg,608,-19.44699363708496,6.047593642434197,10
independent_ddpg,609,-21.14823579788208,4.558693374051855,10
independent_ddpg,610,-19.439548397064208,5.341704038105882,10
independent_ddpg,611,-19.804510593414307,4.5727483291029625,10
independent_ddpg,612,-19.342011833190917,4.20379150077681,10
independent_ddpg,613,-17.512975025177003,3.742344636406691,10
independent_ddpg,614,-20.953044605255126,4.935484641465444,10
independent_ddpg,615,-20.836649894714355,4.207938685155132,10
independent_ddpg,616,-18.27592840194702,4.669303770048161,10
independent_ddpg,617,-17.983014488220213,5.434689417460108,10
independent_ddpg,618,-19.1925350189209,5.088033542553164,10
independent_ddpg,619,-19.650130939483642,4.229197360609814,10
independent_ddpg,620,-18.134009838104248,3.4581123147866744,10
independent_ddpg,621,-19.857923889160155,5.902486683088033,10
independent_ddpg,622,-20.69855890274048,5.727144204739899,10
independent_ddpg,623,-19.363826179504393,4.257761676196633,10
independent_ddpg,624,-20.350534534454347,5.255316558330334,10
independent_ddpg,625,-18.655097198486327,4.216252154862249,10
independent_ddpg,626,-18.171020603179933,4.9885673927616265,10
independent_ddpg,627,-20.588885974884032,3.6478620395379515,10
independent_ddpg,628,-18.52033519744873,5.632944270474485,10
independent_ddpg,629,-18.652905082702638,5.831626536201708,10
independent_ddpg,630,-20.61828498840332,6.622652099590803,10
independent_ddpg,631,-22.455200672149658,3.178738778591143,10
independent_ddpg,632,-16.80946626663208,3.176157175374885,10
independent_ddpg,633,-19.684278297424317,2.9001870006197645,10
independent_ddpg,634,-16.445840740203856,4.925349651249101,10
independent_ddpg,635,-18.723403453826904,5.137725979551907,10
independent_ddpg,636,-19.81745252609253,5.07721944349323,10
independent_ddpg,637,-20.05153284072876,5.342736631594567,10
independent_ddpg,638,-17.654642200469972,5.167602170060395,10
independent_ddpg,639,-23.155810356140137,5.676876889610928,10
independent_ddpg,640,-22.568310165405272,6.655406387572639,10
independent_ddpg,641,-18.858570194244386,4.503491410709321,10
independent_ddpg,642,-20.63844976425171,4.845421152748898,10
independent_ddpg,643,-20.78298740386963,7.352280324381153,10
independent_ddpg,644,-16.404548835754394,3.20400668677251,10
independent_ddpg,645,-20.705854892730713,6.2896808826366195,10
independent_ddpg,646,-18.29483985900879,5.464301866938998,10
independent_ddpg,647,-19.75717716217041,6.228087650084257,10
independent_ddpg,648,-18.669223308563232,4.870455615594019,10
independent_ddpg,649,-21.906785202026366,4.276432477418933,10
independent_ddpg,650,-16.87136220932007,3.1728233788513496,10
independent_ddpg,651,-20.6788067817688,7.172741698984758,10
independent_ddpg,652,-19.740522193908692,5.194642177679177,10
independent_ddpg,653,-24.275509357452393,8.45775020823634,10
independent_ddpg,654,-17.81494207382202,3.6403606868632052,10
independent_ddpg,655,-20.88267526626587,4.95124361870024,10
independent_ddpg,656,-17.711778545379637,4.851525936257343,10
independent_ddpg,657,-21.316884517669678,4.832125424187167,10
independent_ddpg,658,-20.758815383911134,5.8509501458297555,10
independent_ddpg,659,-19.039041614532472,3.7390241137318134,10
independent_ddpg,660,-20.4912371635437,4.586687478932719,10
independent_ddpg,661,-22.412833976745606,5.828676283222399,10
independent_ddpg,662,-18.128378868103027,5.465525633292179,10
independent_ddpg,663,-19.528067874908448,4.610607238957451,10
independent_ddpg,664,-18.351397800445557,5.90589921580599,10
independent_ddpg,665,-20.16710729598999,5.162964307349867,10
independent_ddpg,666,-16.913106632232665,5.614120740543927,10
independent_ddpg,667,-17.26157913208008,3.688188691385724,10
independent_ddpg,668,-19.341817760467528,3.1755721777329677,10
independent_ddpg,669,-20.561639881134035,5.817487078324169,10
independent_ddpg,670,-18.8886962890625,3.3114765897580534,10
independent_ddpg,671,-20.016090965270998,4.230563108841922,10
independent_ddpg,672,-19.51754150390625,5.806153986486424,10
independent_ddpg,673,-18.741324806213377,5.260552278754613,10
independent_ddpg,674,-17.357266426086426,4.796639029074088,10
independent_ddpg,675,-23.167353343963622,4.55918160111367,10
independent_ddpg,676,-19.11141471862793,6.35242874271894,10
independent_ddpg,677,-19.81486291885376,8.737814422227508,10
independent_ddpg,678,-20.454695224761963,3.929003044094651,10
independent_ddpg,679,-20.939980888366698,5.226004001895799,10
independent_ddpg,680,-19.807043743133544,5.350392829830504,10
independent_ddpg,681,-20.2319128036499,6.316568410057004,10
independent_ddpg,682,-16.73666467666626,4.5423281020152695,10
independent_ddpg,683,-20.542746448516844,2.81939838894548,10
independent_ddpg,684,-17.685568237304686,3.7759547228328034,10
independent_ddpg,685,-15.80460729598999,4.151847035938412,10
independent_ddpg,686,-19.395405960083007,4.142628714848703,10
independent_ddpg,687,-21.95258207321167,7.375702717154443,10
independent_ddpg,688,-20.226616668701173,4.236377557463704,10
independent_ddpg,689,-17.33710308074951,2.1028287215660812,10
independent_ddpg,690,-19.53970251083374,5.394525226777051,10
independent_ddpg,691,-22.5133939743042,5.185389337506928,10
independent_ddpg,692,-18.959681367874147,7.338030632293982,10
independent_ddpg,693,-19.709127140045165,4.964968703003227,10
independent_ddpg,694,-17.723306941986085,3.6460302774108877,10
independent_ddpg,695,-18.421140480041505,5.921034753595364,10
independent_ddpg,696,-22.092932510375977,3.8248402177540695,10
independent_ddpg,697,-17.38015432357788,3.5429047138503638,10
independent_ddpg,698,-21.934988689422607,5.653124556219884,10
independent_ddpg,699,-19.536797618865968,3.10917700066971,10
independent_ddpg,700,-17.724263668060303,2.6378373378489997,10
independent_ddpg,701,-18.205979442596437,3.995137038746249,10
independent_ddpg,702,-18.527438735961915,5.5593643349770225,10
independent_ddpg,703,-19.914927673339843,4.442618112344169,10
independent_ddpg,704,-20.552376556396485,4.644083581582711,10
independent_ddpg,705,-19.950914764404295,4.987482861024059,10
independent_ddpg,706,-19.732313251495363,2.33881045920345,10
independent_ddpg,707,-19.463864231109618,3.173418023434165,10
independent_ddpg,708,-18.5265456199646,4.798106653620627,10
independent_ddpg,709,-22.531678771972658,5.992181054377605,10
independent_ddpg,710,-16.8193115234375,3.8577874668271273,10
independent_ddpg,711,-19.66489267349243,6.224815682815462,10
independent_ddpg,712,-17.429618072509765,3.4676396236412317,10
independent_ddpg,713,-17.13728265762329,3.516241239326576,10
independent_ddpg,714,-21.35895791053772,6.401388871055102,10
independent_ddpg,715,-17.15326919555664,3.4988613557437276,10
independent_ddpg,716,-18.974250698089598,4.839339474968224,10
independent_ddpg,717,-17.481002044677734,4.339301279780634,10
independent_ddpg,718,-17.449569511413575,3.9600906490460335,10
independent_ddpg,719,-19.431944847106934,4.495823519632309,10
independent_ddpg,720,-18.789283657073973,3.794914688129616,10
independent_ddpg,721,-19.939068508148193,5.4583475954929295,10
independent_ddpg,722,-18.517638874053954,5.554350513361086,10
independent_ddpg,723,-16.93420000076294,3.5153750533759602,10
independent_ddpg,724,-15.665603923797608,4.389127186888923,10
independent_ddpg,725,-21.29509229660034,3.7360869300965835,10
independent_ddpg,726,-18.919754409790038,3.9479965958501704,10
independent_ddpg,727,-19.47947816848755,4.173109331605277,10
independent_ddpg,728,-18.26047286987305,5.628353531108473,10
independent_ddpg,729,-19.412732124328613,5.358957609134883,10
independent_ddpg,730,-20.27294635772705,3.9486764898591655,10
independent_ddpg,731,-18.841201782226562,4.660620598886055,10
independent_ddpg,732,-18.554652976989747,3.7248251270209476,10
independent_ddpg,733,-19.09587049484253,3.225757872172826,10
independent_ddpg,734,-16.573095417022706,3.43816031074751,10
independent_ddpg,735,-19.004770851135255,4.545342198588917,10
independent_ddpg,736,-19.497392559051512,5.080471059960289,10
independent_ddpg,737,-20.827749156951903,4.435387941339115,10
independent_ddpg,738,-17.590467166900634,3.180842920626309,10
independent_ddpg,739,-20.332536602020262,5.900789082682392,10
independent_ddpg,740,-20.053478813171388,3.6764342814168036,10
independent_ddpg,741,-20.401341438293457,4.717568051631804,10
independent_ddpg,742,-21.405098915100098,3.297364680376264,10
independent_ddpg,743,-20.171665096282958,4.4163353823251965,10
independent_ddpg,744,-18.218071842193602,4.496013845860255,10
independent_ddpg,745,-19.82240934371948,4.212694530318251,10
independent_ddpg,746,-19.70381603240967,4.526969949051746,10
independent_ddpg,747,-17.70701093673706,3.7803822354618295,10
independent_ddpg,748,-19.08876895904541,3.818215261708595,10
independent_ddpg,749,-20.977102756500244,6.72809380802849,10
independent_ddpg,750,-18.662651824951173,6.060525072278283,10
independent_ddpg,751,-17.385383892059327,4.466665114740741,10
independent_ddpg,752,-19.53577651977539,3.198361828590711,10
independent_ddpg,753,-18.60534257888794,4.951933954853291,10
independent_ddpg,754,-18.803881072998045,5.094436990921052,10
independent_ddpg,755,-18.946115970611572,4.650813956199166,10
independent_ddpg,756,-21.257035064697266,2.9738161469079816,10
independent_ddpg,757,-16.380969333648682,3.83307543836327,10
independent_ddpg,758,-20.06082878112793,5.784879430078986,10
independent_ddpg,759,-20.397325134277345,3.374229545769729,10
independent_ddpg,760,-19.015336418151854,3.9173171053331135,10
independent_ddpg,761,-18.510245704650877,4.108538398691512,10
independent_ddpg,762,-17.09564800262451,2.6817568284832256,10
independent_ddpg,763,-20.795340061187744,6.053051512797959,10
independent_ddpg,764,-17.79341344833374,4.01849099905841,10
independent_ddpg,765,-19.23523082733154,5.4268983374401945,10
independent_ddpg,766,-17.572953319549562,3.4430248176542717,10
independent_ddpg,767,-19.650087070465087,4.581527127569794,10
independent_ddpg,768,-21.04163703918457,4.906357224759222,10
independent_ddpg,769,-20.750684452056884,6.3982264356444025,10
independent_ddpg,770,-17.99056930541992,2.9408139898707297,10
independent_ddpg,771,-18.301482009887696,3.8675160967804643,10
independent_ddpg,772,-18.0272177696228,2.5805027423739424,10
independent_ddpg,773,-17.654205989837646,2.8562600618696856,10
independent_ddpg,774,-20.2754225730896,6.000815394907368,10
independent_ddpg,775,-18.995267486572267,4.186315115808159,10
independent_ddpg,776,-19.43775930404663,4.406908764483564,10
independent_ddpg,777,-18.60175838470459,4.957389495310296,10
independent_ddpg,778,-18.67203378677368,3.835370290600623,10
independent_ddpg,779,-16.7022274017334,5.4114204322311314,10
independent_ddpg,780,-21.328060817718505,4.810318952229557,10
independent_ddpg,781,-19.577713775634766,3.276778658963373,10
independent_ddpg,782,-17.022306060791017,5.174786895639335,10
independent_ddpg,783,-20.72976131439209,5.46922882596729,10
independent_ddpg,784,-16.241560077667238,3.4574798886365605,10
independent_ddpg,785,-20.35922775268555,5.001854059501712,10
independent_ddpg,786,-21.377012729644775,4.176923625250084,10
independent_ddpg,787,-21.844772148132325,8.239756816845984,10
independent_ddpg,788,-19.473644828796388,3.100818034848358,10
independent_ddpg,789,-20.320563411712648,5.076952714416251,10
independent_ddpg,790,-20.434191513061524,3.7853524725067413,10
independent_ddpg,791,-20.48529224395752,2.5112008412656612,10
independent_ddpg,792,-17.799391555786134,4.2595327883207075,10
independent_ddpg,793,-22.016129207611083,4.561353071137634,10
independent_ddpg,794,-15.929442882537842,4.693449613590708,10
independent_ddpg,795,-17.17635622024536,4.113490169354532,10
independent_ddpg,796,-20.61025733947754,5.684652031904801,10
independent_ddpg,797,-18.921540927886962,5.527000952947368,10
independent_ddpg,798,-18.15738639831543,5.884576474669455,10
independent_ddpg,799,-20.027450466156004,4.39512018200098,10
independent_ddpg,800,-17.243492221832277,4.5527935566370745,10
independent_ddpg,801,-19.97660427093506,2.7321584273533137,10
independent_ddpg,802,-18.40333480834961,4.515856394972051,10
independent_ddpg,803,-19.298791217803956,6.882908756604263,10
independent_ddpg,804,-18.593468952178956,4.391397024372402,10
independent_ddpg,805,-19.543839740753175,5.876949634426785,10
independent_ddpg,806,-18.096295166015626,2.560302190314843,10
independent_ddpg,807,-18.138185024261475,4.621222348061683,10
independent_ddpg,808,-20.12376174926758,5.400646002411134,10
independent_ddpg,809,-21.66399211883545,6.582516869114882,10
independent_ddpg,810,-18.748534297943117,4.183285858654498,10
independent_ddpg,811,-21.30513439178467,5.749585242941718,10
independent_ddpg,812,-21.885829544067384,4.712245057206148,10
independent_ddpg,813,-23.153374671936035,4.1603485427525895,10
independent_ddpg,814,-21.1562837600708,6.952873827281027,10
independent_ddpg,815,-18.901153087615967,3.9904029007563278,10
independent_ddpg,816,-18.776832580566406,5.104847022529444,10
independent_ddpg,817,-20.440638923645018,4.122713370267054,10
independent_ddpg,818,-18.226516914367675,4.599758491753279,10
independent_ddpg,819,-21.236055850982666,4.217445231486649,10
independent_ddpg,820,-19.750198650360108,5.0363499355409,10
independent_ddpg,821,-19.20356845855713,2.734425221375098,10
independent_ddpg,822,-17.531377506256103,3.4509140415573123,10
independent_ddpg,823,-19.57933406829834,5.1648098858326374,10
independent_ddpg,824,-20.570398235321044,4.6686674052808526,10
independent_ddpg,825,-24.416892719268798,5.209535318077288,10
independent_ddpg,826,-17.564062881469727,3.746595532857947,10
independent_ddpg,827,-21.267189598083498,4.7229936500636125,10
independent_ddpg,828,-18.487993431091308,6.306402645181558,10
independent_ddpg,829,-21.698164081573488,6.043261232703573,10
independent_ddpg,830,-19.580495357513428,4.420926653738007,10
independent_ddpg,831,-19.94015030860901,6.375805583907001,10
independent_ddpg,832,-19.168518447875975,5.520374404628793,10
independent_ddpg,833,-18.934591484069824,4.642117792970756,10
independent_ddpg,834,-18.962782096862792,5.114366360864184,10
independent_ddpg,835,-21.84481210708618,4.387365202993397,10
independent_ddpg,836,-18.297586250305176,3.5494154498691453,10
independent_ddpg,837,-22.11329345703125,6.019196245302821,10
independent_ddpg,838,-21.418273639678954,4.401097733478346,10
independent_ddpg,839,-16.9671311378479,5.003939206875573,10
independent_ddpg,840,-17.566525745391846,3.945020746023654,10
independent_ddpg,841,-19.847327518463135,4.048377674909729,10
independent_ddpg,842,-19.15742721557617,2.8981415943302022,10
independent_ddpg,843,-21.011926460266114,4.006001367934348,10
independent_ddpg,844,-19.65670108795166,4.934563553105743,10
independent_ddpg,845,-20.74941873550415,6.769857255687799,10
independent_ddpg,846,-16.690771961212157,4.812601400706629,10
independent_ddpg,847,-18.628679275512695,2.927250985219922,10
independent_ddpg,848,-20.517610359191895,5.540551033026774,10
independent_ddpg,849,-18.887208938598633,6.745419399463738,10
independent_ddpg,850,-18.39473237991333,3.1871458174109626,10
independent_ddpg,851,-20.052739906311036,4.906336314752293,10
independent_ddpg,852,-18.726463890075685,5.4696228001311065,10
independent_ddpg,853,-23.239975357055663,3.3493493067317286,10
independent_ddpg,854,-18.72065324783325,4.616660570729141,10
independent_ddpg,855,-19.542253303527833,7.01563116578993,10
independent_ddpg,856,-18.181274890899658,3.9706765246538342,10
independent_ddpg,857,-20.146232223510744,5.100474635578037,10
independent_ddpg,858,-21.27014799118042,4.686463567009794,10
independent_ddpg,859,-20.15539493560791,3.7091949035685405,10
independent_ddpg,860,-19.26083822250366,3.9488988196593784,10
independent_ddpg,861,-20.100076293945314,5.548551608975957,10
independent_ddpg,862,-18.707916355133058,3.955869382100611,10
independent_ddpg,863,-18.222641372680663,5.727119847832099,10
independent_ddpg,864,-16.034735488891602,2.5927373548717836,10
independent_ddpg,865,-22.70009994506836,4.553010109751032,10
independent_ddpg,866,-18.13729124069214,2.0767309370222167,10
independent_ddpg,867,-19.28857288360596,5.967906817096649,10
independent_ddpg,868,-20.044462299346925,2.887497995695158,10
independent_ddpg,869,-20.789999961853027,4.896467381994343,10
independent_ddpg,870,-14.97469186782837,2.7220534555608937,10
independent_ddpg,871,-17.29519557952881,5.15127508174166,10
independent_ddpg,872,-15.991052627563477,2.4792425886091487,10
independent_ddpg,873,-20.43221435546875,4.999384512932481,10
independent_ddpg,874,-20.61492176055908,4.712564584330018,10
independent_ddpg,875,-20.89414300918579,5.970401037480472,10
independent_ddpg,876,-17.838836002349854,5.681503631511143,10
independent_ddpg,877,-21.286644554138185,3.819602821676182,10
independent_ddpg,878,-19.35551176071167,5.376152677492633,10
independent_ddpg,879,-20.471862983703613,3.4656471434310077,10
independent_ddpg,880,-18.047636318206788,5.426774564343683,10
independent_ddpg,881,-18.369690704345704,3.9470981987771836,10
independent_ddpg,882,-17.140325927734374,5.740455869362247,10
independent_ddpg,883,-18.933536434173583,4.413814013094187,10
independent_ddpg,884,-19.033026695251465,4.66630768229227,10
independent_ddpg,885,-19.63935947418213,5.9309499777409105,10
independent_ddpg,886,-19.668125247955324,7.131329306236295,10
independent_ddpg,887,-20.031376075744628,4.607258257966452,10
independent_ddpg,888,-18.98120050430298,3.421915450932818,10
independent_ddpg,889,-18.32650489807129,3.5439171175413873,10
independent_ddpg,890,-17.23767900466919,3.9004532724586887,10
independent_ddpg,891,-18.65969705581665,6.075082192634047,10
independent_ddpg,892,-17.594503116607665,5.070787771456049,10
independent_ddpg,893,-19.41378526687622,4.663038884389135,10
independent_ddpg,894,-17.452167415618895,3.3484652521214615,10
independent_ddpg,895,-19.473298358917237,4.893816478466011,10
independent_ddpg,896,-19.32247190475464,3.454950614340032,10
independent_ddpg,897,-22.266250228881837,6.179182049369372,10
independent_ddpg,898,-19.83973617553711,4.747465002983637,10
independent_ddpg,899,-20.51113109588623,4.156234626101576,10
independent_ddpg,900,-18.913426017761232,5.27486185115627,10
independent_ddpg,901,-21.629287338256837,5.132192999403048,10
independent_ddpg,902,-17.943523120880126,4.238780924395018,10
independent_ddpg,903,-20.073505020141603,7.039752122554673,10
independent_ddpg,904,-18.639799690246583,4.648984634334023,10
independent_ddpg,905,-19.91806640625,6.135118929940824,10
independent_ddpg,906,-17.35736217498779,3.758481685203352,10
independent_ddpg,907,-19.841259002685547,5.888962943574056,10
independent_ddpg,908,-19.05136594772339,4.642327566832361,10
independent_ddpg,909,-19.423399925231934,5.763320287190162,10
independent_ddpg,910,-16.63139591217041,3.450480999108351,10
independent_ddpg,911,-18.060514068603517,5.032976110392823,10
independent_ddpg,912,-19.023699283599854,7.161942682994016,10
independent_ddpg,913,-18.136711883544923,5.80286178870369,10
independent_ddpg,914,-19.476950263977052,4.319141674269616,10
independent_ddpg,915,-19.199880409240723,5.922628407609068,10
independent_ddpg,916,-18.16800479888916,4.051802108755969,10
independent_ddpg,917,-22.403970336914064,3.048351945774811,10
independent_ddpg,918,-19.41637554168701,5.059812342419619,10
independent_ddpg,919,-19.04786491394043,5.623139376747384,10
independent_ddpg,920,-18.631818103790284,4.703469275863689,10
independent_ddpg,921,-20.91534032821655,5.562551721597345,10
independent_ddpg,922,-20.222684574127197,4.803269990284388,10
independent_ddpg,923,-19.0661922454834,6.845368203610433,10
independent_ddpg,924,-17.907602500915527,4.478070541543943,10
independent_ddpg,925,-19.98464756011963,5.548472203924261,10
independent_ddpg,926,-20.435058307647704,5.331865300119087,10
independent_ddpg,927,-19.480971336364746,4.106103647586377,10
independent_ddpg,928,-21.96516532897949,5.595583189317141,10
independent_ddpg,929,-21.089272212982177,5.467338357029594,10
independent_ddpg,930,-18.773340225219727,5.728545567423371,10
independent_ddpg,931,-16.56901969909668,5.2560359158943335,10
independent_ddpg,932,-20.594346809387208,3.162253105155068,10
independent_ddpg,933,-20.660634326934815,4.866077476181779,10
independent_ddpg,934,-21.51865358352661,5.867268545595923,10
independent_ddpg,935,-16.951347637176514,5.139983697995146,10
independent_ddpg,936,-19.673207378387453,4.053660031443485,10
independent_ddpg,937,-22.798675060272217,5.525611612595461,10
independent_ddpg,938,-21.29971590042114,4.7218212785174,10
independent_ddpg,939,-18.345058727264405,4.624435617996574,10
independent_ddpg,940,-18.896945190429687,5.121759052298568,10
independent_ddpg,941,-20.28676815032959,5.324434999339123,10
independent_ddpg,942,-16.943116760253908,4.46473468588298,10
independent_ddpg,943,-20.045129680633544,4.8030745728695585,10
independent_ddpg,944,-20.590290546417236,6.8504373509740555,10
independent_ddpg,945,-19.523314189910888,7.474831052814236,10
independent_ddpg,946,-18.214731407165527,5.722248078247496,10
independent_ddpg,947,-18.421779918670655,4.799570707166234,10
independent_ddpg,948,-21.921985626220703,3.5691642955130423,10
independent_ddpg,949,-18.349900817871095,3.761550270901452,10
independent_ddpg,950,-18.193422508239745,6.586649542899533,10
independent_ddpg,951,-16.48939456939697,3.6858134264356766,10
independent_ddpg,952,-21.333832359313966,3.6763266504187997,10
independent_ddpg,953,-19.033069133758545,4.683197405957867,10
independent_ddpg,954,-18.314001750946044,4.037468694476681,10
independent_ddpg,955,-19.095427131652833,5.807330822666258,10
independent_ddpg,956,-20.501989364624023,3.9439128315241385,10
independent_ddpg,957,-18.861634159088133,5.059040235059248,10
independent_ddpg,958,-17.32290267944336,4.4694677563133,10
independent_ddpg,959,-17.846635627746583,4.3914572459825685,10
independent_ddpg,960,-17.810510540008544,4.460975071514822,10
independent_ddpg,961,-21.888842582702637,4.380860047938707,10
independent_ddpg,962,-18.572052192687988,5.76043116069305,10
independent_ddpg,963,-18.3699969291687,7.347012018161468,10
independent_ddpg,964,-20.077850246429442,5.117338791868569,10
independent_ddpg,965,-21.47868595123291,4.499659850914259,10
independent_ddpg,966,-21.76272325515747,4.822864355606886,10
independent_ddpg,967,-18.242767524719238,3.7665146519764106,10
independent_ddpg,968,-17.86343641281128,3.407563835071746,10
independent_ddpg,969,-16.665107631683348,4.857749054304213,10
independent_ddpg,970,-19.59404296875,5.167362659577902,10
independent_ddpg,971,-22.422194480895996,6.219347863314721,10
independent_ddpg,972,-18.6873628616333,4.871170024358382,10
independent_ddpg,973,-18.1797815322876,3.695541251153602,10
independent_ddpg,974,-17.67803888320923,4.337926637799479,10
independent_ddpg,975,-20.346658611297606,6.484496691751567,10
independent_ddpg,976,-17.142536067962645,2.9433074602286413,10
independent_ddpg,977,-18.62512950897217,4.709367803413135,10
independent_ddpg,978,-19.488630533218384,6.776033445352659,10
independent_ddpg,979,-18.66185579299927,7.4440935172351095,10
independent_ddpg,980,-16.015448665618898,3.647377826107166,10
independent_ddpg,981,-20.083203029632568,5.385605597129456,10
independent_ddpg,982,-19.600571060180663,4.55151434902246,10
independent_ddpg,983,-20.78549470901489,5.143028985340929,10
independent_ddpg,984,-18.860005474090578,3.9430334443661943,10
independent_ddpg,985,-17.04179162979126,3.298324723833593,10
independent_ddpg,986,-20.315234184265137,5.772568742762897,10
independent_ddpg,987,-19.795090103149413,3.3898165094544153,10
independent_ddpg,988,-19.23387451171875,6.463863031758451,10
independent_ddpg,989,-17.75347204208374,4.229374214196548,10
independent_ddpg,990,-18.10569248199463,6.8637936001341595,10
independent_ddpg,991,-18.826324558258058,3.40268684077737,10
independent_ddpg,992,-19.10503578186035,3.3978119776863718,10
independent_ddpg,993,-21.80848217010498,7.138002037596692,10
independent_ddpg,994,-20.856511688232423,3.304717783971791,10
independent_ddpg,995,-20.691724491119384,5.1924868906483,10
independent_ddpg,996,-17.364653491973876,4.175088033151952,10
independent_ddpg,997,-18.660855865478517,4.941016769000393,10
independent_ddpg,998,-21.182263946533205,5.321727891502128,10
independent_ddpg,999,-21.037656021118163,5.161226126252564,10
independent_ddpg,1000,-17.711242771148683,2.899992189004524,10
